-- MySQL dump 10.17  Distrib 10.3.25-MariaDB, for debian-linux-gnu (x86_64)
--
-- Host: localhost    Database: raffy
-- ------------------------------------------------------
-- Server version	10.3.25-MariaDB-0ubuntu0.20.04.1

/*!40101 SET @OLD_CHARACTER_SET_CLIENT=@@CHARACTER_SET_CLIENT */;
/*!40101 SET @OLD_CHARACTER_SET_RESULTS=@@CHARACTER_SET_RESULTS */;
/*!40101 SET @OLD_COLLATION_CONNECTION=@@COLLATION_CONNECTION */;
/*!40101 SET NAMES utf8mb4 */;
/*!40103 SET @OLD_TIME_ZONE=@@TIME_ZONE */;
/*!40103 SET TIME_ZONE='+00:00' */;
/*!40014 SET @OLD_UNIQUE_CHECKS=@@UNIQUE_CHECKS, UNIQUE_CHECKS=0 */;
/*!40014 SET @OLD_FOREIGN_KEY_CHECKS=@@FOREIGN_KEY_CHECKS, FOREIGN_KEY_CHECKS=0 */;
/*!40101 SET @OLD_SQL_MODE=@@SQL_MODE, SQL_MODE='NO_AUTO_VALUE_ON_ZERO' */;
/*!40111 SET @OLD_SQL_NOTES=@@SQL_NOTES, SQL_NOTES=0 */;

--
-- Table structure for table `data_rows`
--

DROP TABLE IF EXISTS `data_rows`;
/*!40101 SET @saved_cs_client     = @@character_set_client */;
/*!40101 SET character_set_client = utf8 */;
CREATE TABLE `data_rows` (
  `id` int(10) unsigned NOT NULL AUTO_INCREMENT,
  `data_type_id` int(10) unsigned NOT NULL,
  `field` varchar(255) COLLATE utf8mb4_unicode_ci NOT NULL,
  `type` varchar(255) COLLATE utf8mb4_unicode_ci NOT NULL,
  `display_name` varchar(255) COLLATE utf8mb4_unicode_ci NOT NULL,
  `required` tinyint(1) NOT NULL DEFAULT 0,
  `browse` tinyint(1) NOT NULL DEFAULT 1,
  `read` tinyint(1) NOT NULL DEFAULT 1,
  `edit` tinyint(1) NOT NULL DEFAULT 1,
  `add` tinyint(1) NOT NULL DEFAULT 1,
  `delete` tinyint(1) NOT NULL DEFAULT 1,
  `details` text COLLATE utf8mb4_unicode_ci DEFAULT NULL,
  `order` int(11) NOT NULL DEFAULT 1,
  PRIMARY KEY (`id`),
  KEY `data_rows_data_type_id_foreign` (`data_type_id`),
  CONSTRAINT `data_rows_data_type_id_foreign` FOREIGN KEY (`data_type_id`) REFERENCES `data_types` (`id`) ON DELETE CASCADE ON UPDATE CASCADE
) ENGINE=InnoDB AUTO_INCREMENT=58 DEFAULT CHARSET=utf8mb4 COLLATE=utf8mb4_unicode_ci;
/*!40101 SET character_set_client = @saved_cs_client */;

--
-- Dumping data for table `data_rows`
--

LOCK TABLES `data_rows` WRITE;
/*!40000 ALTER TABLE `data_rows` DISABLE KEYS */;
INSERT INTO `data_rows` VALUES (1,1,'id','number','ID',1,0,0,0,0,0,'{}',1),(2,1,'name','text','Име',1,1,1,1,1,1,'{}',2),(3,1,'email','text','Email',1,1,1,1,1,1,'{}',3),(4,1,'password','password','Парола',1,0,0,1,1,0,'{}',4),(5,1,'remember_token','text','Remember Token',0,0,0,0,0,0,'{}',5),(6,1,'created_at','timestamp','Регистриран на',0,1,1,0,0,0,'{}',6),(7,1,'updated_at','timestamp','Updated At',0,0,0,0,0,0,'{}',8),(8,1,'avatar','image','Снимка',0,1,1,1,1,1,'{}',9),(9,1,'user_belongsto_role_relationship','relationship','Роля',0,1,1,1,1,0,'{\"model\":\"TCG\\\\Voyager\\\\Models\\\\Role\",\"table\":\"roles\",\"type\":\"belongsTo\",\"column\":\"role_id\",\"key\":\"id\",\"label\":\"display_name\",\"pivot_table\":\"roles\",\"pivot\":\"0\",\"taggable\":\"0\"}',11),(10,1,'user_belongstomany_role_relationship','relationship','Роли',0,0,1,1,1,0,'{\"model\":\"TCG\\\\Voyager\\\\Models\\\\Role\",\"table\":\"roles\",\"type\":\"belongsToMany\",\"column\":\"id\",\"key\":\"id\",\"label\":\"display_name\",\"pivot_table\":\"user_roles\",\"pivot\":\"1\",\"taggable\":\"0\"}',12),(11,1,'settings','hidden','Settings',0,0,0,0,0,0,'{}',15),(12,2,'id','number','ID',1,0,0,0,0,0,NULL,1),(13,2,'name','text','Name',1,1,1,1,1,1,NULL,2),(14,2,'created_at','timestamp','Created At',0,0,0,0,0,0,NULL,3),(15,2,'updated_at','timestamp','Updated At',0,0,0,0,0,0,NULL,4),(16,3,'id','number','ID',1,0,0,0,0,0,NULL,1),(17,3,'name','text','Name',1,1,1,1,1,1,NULL,2),(18,3,'created_at','timestamp','Created At',0,0,0,0,0,0,NULL,3),(19,3,'updated_at','timestamp','Updated At',0,0,0,0,0,0,NULL,4),(20,3,'display_name','text','Display Name',1,1,1,1,1,1,NULL,5),(21,1,'role_id','text','Role',0,1,1,1,1,1,'{}',10),(22,5,'id','text','Id',1,0,0,0,0,0,'{}',1),(23,5,'deleted_at','timestamp','Deleted At',0,0,0,0,0,0,'{}',2),(24,5,'created_at','timestamp','Вход',0,1,1,1,0,1,'{\"format\":\"%d\\/%m\\/%y %H:%M:%S\"}',3),(26,5,'user_id','text','User',1,1,1,1,1,1,'{}',5),(27,5,'log_belongsto_user_relationship','relationship','Работник',0,1,1,1,1,1,'{\"model\":\"App\\\\User\",\"table\":\"users\",\"type\":\"belongsTo\",\"column\":\"user_id\",\"key\":\"id\",\"label\":\"name\",\"pivot_table\":\"data_rows\",\"pivot\":\"0\",\"taggable\":\"0\"}',6),(28,6,'id','text','Id',1,0,0,0,0,0,'{}',1),(29,6,'name','text','Име',1,1,1,1,1,1,'{}',2),(30,6,'created_at','timestamp','Регистриран на',0,1,1,1,0,1,'{}',3),(31,6,'order','number','Ред',0,1,1,1,0,1,'{}',6),(32,6,'updated_at','timestamp','Updated At',0,0,0,0,0,0,'{}',4),(33,5,'log_belongsto_reader_relationship','relationship','Четец',0,1,1,1,1,1,'{\"model\":\"App\\\\Reader\",\"table\":\"readers\",\"type\":\"belongsTo\",\"column\":\"reader_id\",\"key\":\"id\",\"label\":\"name\",\"pivot_table\":\"data_rows\",\"pivot\":\"0\",\"taggable\":\"0\"}',7),(34,5,'reader_id','text','Reader',1,1,1,1,1,1,'{}',6),(35,1,'email_verified_at','timestamp','Email потвърден на',0,1,1,1,1,1,'{}',7),(36,7,'id','text','Id',1,0,0,0,0,0,'{}',1),(37,7,'tag','text','Номер',1,1,1,1,1,1,'{}',2),(38,7,'user_id','text','User Id',1,1,1,1,1,1,'{}',3),(39,7,'created_at','timestamp','Регистриран на',0,1,1,1,0,1,'{}',4),(40,7,'updated_at','timestamp','Updated At',0,0,0,0,0,0,'{}',5),(41,7,'tag_belongsto_user_relationship','relationship','Работник',0,1,1,1,1,1,'{\"model\":\"App\\\\User\",\"table\":\"users\",\"type\":\"belongsTo\",\"column\":\"user_id\",\"key\":\"id\",\"label\":\"name\",\"pivot_table\":\"data_rows\",\"pivot\":\"0\",\"taggable\":\"0\"}',6),(42,5,'log_belongsto_tag_relationship','relationship','Карта',0,1,1,1,1,1,'{\"model\":\"App\\\\Tag\",\"table\":\"tags\",\"type\":\"belongsTo\",\"column\":\"tag_id\",\"key\":\"id\",\"label\":\"tag\",\"pivot_table\":\"data_rows\",\"pivot\":\"0\",\"taggable\":\"0\"}',8),(43,5,'tag_id','text','Tag Id',1,1,1,1,1,1,'{}',7),(44,6,'mac','text','MAC',0,1,1,1,1,1,'{}',5),(45,8,'id','text','Id',1,0,0,0,0,0,'{}',1),(46,8,'name','text','Име',0,1,1,1,1,1,'{}',2),(47,8,'created_at','timestamp','Регистриран на',0,1,1,1,0,1,'{}',3),(48,8,'updated_at','timestamp','Updated At',0,0,0,0,0,0,'{}',4),(49,1,'user_belongsto_section_relationship','relationship','Отдел',0,1,1,1,1,1,'{\"model\":\"App\\\\Section\",\"table\":\"sections\",\"type\":\"belongsTo\",\"column\":\"section_id\",\"key\":\"id\",\"label\":\"name\",\"pivot_table\":\"data_rows\",\"pivot\":\"0\",\"taggable\":\"0\"}',14),(50,1,'section_id','text','Section Id',0,1,1,1,1,1,'{}',13),(51,5,'exited_at','timestamp','Изход',0,1,1,1,1,1,'{\"format\":\"%d\\/%m\\/%y %H:%M:%S\",\"datepicker\":{\"format\":\"DD-MM-YYYY\"}}',4),(52,9,'id','text','Id',1,0,0,0,0,0,'{}',1),(53,9,'message','text','Съобщение',0,1,1,1,1,1,'{}',2),(54,9,'type','text','Тип',0,1,1,1,1,1,'{}',3),(55,9,'created_at','timestamp','Записана на',0,1,1,1,0,1,'{}',4),(56,9,'updated_at','timestamp','Updated At',0,0,0,0,0,0,'{}',5),(57,6,'stats','code_editor','Stats',0,0,1,0,0,0,'{}',7);
/*!40000 ALTER TABLE `data_rows` ENABLE KEYS */;
UNLOCK TABLES;

--
-- Table structure for table `data_types`
--

DROP TABLE IF EXISTS `data_types`;
/*!40101 SET @saved_cs_client     = @@character_set_client */;
/*!40101 SET character_set_client = utf8 */;
CREATE TABLE `data_types` (
  `id` int(10) unsigned NOT NULL AUTO_INCREMENT,
  `name` varchar(255) COLLATE utf8mb4_unicode_ci NOT NULL,
  `slug` varchar(255) COLLATE utf8mb4_unicode_ci NOT NULL,
  `display_name_singular` varchar(255) COLLATE utf8mb4_unicode_ci NOT NULL,
  `display_name_plural` varchar(255) COLLATE utf8mb4_unicode_ci NOT NULL,
  `icon` varchar(255) COLLATE utf8mb4_unicode_ci DEFAULT NULL,
  `model_name` varchar(255) COLLATE utf8mb4_unicode_ci DEFAULT NULL,
  `policy_name` varchar(255) COLLATE utf8mb4_unicode_ci DEFAULT NULL,
  `controller` varchar(255) COLLATE utf8mb4_unicode_ci DEFAULT NULL,
  `description` varchar(255) COLLATE utf8mb4_unicode_ci DEFAULT NULL,
  `generate_permissions` tinyint(1) NOT NULL DEFAULT 0,
  `server_side` tinyint(4) NOT NULL DEFAULT 0,
  `details` text COLLATE utf8mb4_unicode_ci DEFAULT NULL,
  `created_at` timestamp NULL DEFAULT NULL,
  `updated_at` timestamp NULL DEFAULT NULL,
  PRIMARY KEY (`id`),
  UNIQUE KEY `data_types_name_unique` (`name`),
  UNIQUE KEY `data_types_slug_unique` (`slug`)
) ENGINE=InnoDB AUTO_INCREMENT=10 DEFAULT CHARSET=utf8mb4 COLLATE=utf8mb4_unicode_ci;
/*!40101 SET character_set_client = @saved_cs_client */;

--
-- Dumping data for table `data_types`
--

LOCK TABLES `data_types` WRITE;
/*!40000 ALTER TABLE `data_types` DISABLE KEYS */;
INSERT INTO `data_types` VALUES (1,'users','users','Човек','Хора','voyager-person','TCG\\Voyager\\Models\\User','TCG\\Voyager\\Policies\\UserPolicy','TCG\\Voyager\\Http\\Controllers\\VoyagerUserController',NULL,1,0,'{\"order_column\":\"name\",\"order_display_column\":null,\"order_direction\":\"asc\",\"default_search_key\":\"name\",\"scope\":null}','2020-05-10 19:07:09','2020-05-15 06:13:38'),(2,'menus','menus','Menu','Menus','voyager-list','TCG\\Voyager\\Models\\Menu',NULL,'','',1,0,NULL,'2020-05-10 19:07:09','2020-05-10 19:07:09'),(3,'roles','roles','Role','Roles','voyager-lock','TCG\\Voyager\\Models\\Role',NULL,'TCG\\Voyager\\Http\\Controllers\\VoyagerRoleController','',1,0,NULL,'2020-05-10 19:07:09','2020-05-10 19:07:09'),(5,'logs','logs','Запис','Записи','voyager-logbook','App\\Log',NULL,NULL,NULL,1,1,'{\"order_column\":null,\"order_display_column\":null,\"order_direction\":\"asc\",\"default_search_key\":null,\"scope\":null}','2020-05-10 19:21:26','2020-05-25 06:10:25'),(6,'readers','readers','Четец','Четци','voyager-location','App\\Reader',NULL,NULL,'Reader devices in the domain.',1,0,'{\"order_column\":\"order\",\"order_display_column\":\"name\",\"order_direction\":\"asc\",\"default_search_key\":\"name\",\"scope\":null}','2020-05-10 19:43:25','2020-12-02 16:49:15'),(7,'tags','tags','Карта','Карти','voyager-credit-cards','App\\Tag',NULL,NULL,NULL,1,1,'{\"order_column\":null,\"order_display_column\":null,\"order_direction\":\"asc\",\"default_search_key\":null,\"scope\":null}','2020-05-10 21:11:18','2020-05-11 08:49:56'),(8,'sections','sections','Отдел','Отдели','voyager-company','App\\Section',NULL,NULL,NULL,1,0,'{\"order_column\":\"name\",\"order_display_column\":null,\"order_direction\":\"asc\",\"default_search_key\":\"name\",\"scope\":null}','2020-05-11 16:23:56','2020-05-11 16:28:42'),(9,'errors','errors','Грешка','Грешки','voyager-warning','App\\Error',NULL,NULL,NULL,1,1,'{\"order_column\":\"created_at\",\"order_display_column\":\"created_at\",\"order_direction\":\"desc\",\"default_search_key\":\"message\"}','2020-06-13 11:27:45','2020-06-13 11:27:45');
/*!40000 ALTER TABLE `data_types` ENABLE KEYS */;
UNLOCK TABLES;

--
-- Table structure for table `errors`
--

DROP TABLE IF EXISTS `errors`;
/*!40101 SET @saved_cs_client     = @@character_set_client */;
/*!40101 SET character_set_client = utf8 */;
CREATE TABLE `errors` (
  `id` int(10) unsigned NOT NULL AUTO_INCREMENT,
  `message` text COLLATE utf8mb4_unicode_ci DEFAULT NULL,
  `type` varchar(255) COLLATE utf8mb4_unicode_ci DEFAULT NULL,
  `created_at` timestamp NULL DEFAULT NULL,
  `updated_at` timestamp NULL DEFAULT NULL,
  PRIMARY KEY (`id`)
) ENGINE=InnoDB AUTO_INCREMENT=169 DEFAULT CHARSET=utf8mb4 COLLATE=utf8mb4_unicode_ci;
/*!40101 SET character_set_client = @saved_cs_client */;

--
-- Dumping data for table `errors`
--

LOCK TABLES `errors` WRITE;
/*!40000 ALTER TABLE `errors` DISABLE KEYS */;
/*!40000 ALTER TABLE `errors` ENABLE KEYS */;
UNLOCK TABLES;

--
-- Table structure for table `failed_jobs`
--

DROP TABLE IF EXISTS `failed_jobs`;
/*!40101 SET @saved_cs_client     = @@character_set_client */;
/*!40101 SET character_set_client = utf8 */;
CREATE TABLE `failed_jobs` (
  `id` bigint(20) unsigned NOT NULL AUTO_INCREMENT,
  `connection` text COLLATE utf8mb4_unicode_ci NOT NULL,
  `queue` text COLLATE utf8mb4_unicode_ci NOT NULL,
  `payload` longtext COLLATE utf8mb4_unicode_ci NOT NULL,
  `exception` longtext COLLATE utf8mb4_unicode_ci NOT NULL,
  `failed_at` timestamp NOT NULL DEFAULT current_timestamp(),
  PRIMARY KEY (`id`)
) ENGINE=InnoDB DEFAULT CHARSET=utf8mb4 COLLATE=utf8mb4_unicode_ci;
/*!40101 SET character_set_client = @saved_cs_client */;

--
-- Dumping data for table `failed_jobs`
--

LOCK TABLES `failed_jobs` WRITE;
/*!40000 ALTER TABLE `failed_jobs` DISABLE KEYS */;
/*!40000 ALTER TABLE `failed_jobs` ENABLE KEYS */;
UNLOCK TABLES;

--
-- Table structure for table `jobs`
--

DROP TABLE IF EXISTS `jobs`;
/*!40101 SET @saved_cs_client     = @@character_set_client */;
/*!40101 SET character_set_client = utf8 */;
CREATE TABLE `jobs` (
  `id` bigint(20) unsigned NOT NULL AUTO_INCREMENT,
  `queue` varchar(255) COLLATE utf8mb4_unicode_ci NOT NULL,
  `payload` longtext COLLATE utf8mb4_unicode_ci NOT NULL,
  `attempts` tinyint(3) unsigned NOT NULL,
  `reserved_at` int(10) unsigned DEFAULT NULL,
  `available_at` int(10) unsigned NOT NULL,
  `created_at` int(10) unsigned NOT NULL,
  PRIMARY KEY (`id`),
  KEY `jobs_queue_index` (`queue`)
) ENGINE=InnoDB DEFAULT CHARSET=utf8mb4 COLLATE=utf8mb4_unicode_ci;
/*!40101 SET character_set_client = @saved_cs_client */;

--
-- Dumping data for table `jobs`
--

LOCK TABLES `jobs` WRITE;
/*!40000 ALTER TABLE `jobs` DISABLE KEYS */;
/*!40000 ALTER TABLE `jobs` ENABLE KEYS */;
UNLOCK TABLES;

--
-- Table structure for table `logs`
--

DROP TABLE IF EXISTS `logs`;
/*!40101 SET @saved_cs_client     = @@character_set_client */;
/*!40101 SET character_set_client = utf8 */;
CREATE TABLE `logs` (
  `id` int(10) unsigned NOT NULL AUTO_INCREMENT,
  `deleted_at` timestamp NULL DEFAULT NULL,
  `created_at` timestamp NULL DEFAULT NULL,
  `exited_at` timestamp NULL DEFAULT NULL,
  `user_id` int(10) unsigned NOT NULL,
  `reader_id` varchar(100) COLLATE utf8mb4_unicode_ci NOT NULL,
  `tag_id` int(10) unsigned NOT NULL,
  PRIMARY KEY (`id`),
  KEY `logs_user_id_index` (`user_id`),
  KEY `logs_created_at_index` (`created_at`),
  KEY `logs_deleted_at_index` (`deleted_at`),
  KEY `logs_reader_id_index` (`reader_id`)
) ENGINE=InnoDB AUTO_INCREMENT=1629 DEFAULT CHARSET=utf8mb4 COLLATE=utf8mb4_unicode_ci;
/*!40101 SET character_set_client = @saved_cs_client */;

--
-- Dumping data for table `logs`
--

LOCK TABLES `logs` WRITE;
/*!40000 ALTER TABLE `logs` DISABLE KEYS */;
INSERT INTO `logs` VALUES (134,NULL,'2020-05-26 07:20:43','2020-05-26 07:34:20',1,'1',1),(135,NULL,'2020-05-26 07:34:22','2020-05-26 07:35:01',1,'1',1),(136,NULL,'2020-05-26 10:36:59','2020-05-26 10:37:04',1,'1',1),(137,NULL,'2020-05-26 10:38:03','2020-05-26 10:38:13',1,'1',1),(138,NULL,'2020-05-26 10:38:41','2020-05-26 10:38:45',3,'1',2),(139,NULL,'2020-05-26 10:38:51','2020-05-26 10:39:09',3,'1',2),(140,NULL,'2020-05-26 10:40:14','2020-05-26 10:40:17',1,'1',1),(141,NULL,'2020-05-26 10:44:50','2020-05-26 10:44:55',1,'1',1),(142,NULL,'2020-05-26 10:45:12','2020-05-26 10:46:39',1,'1',1),(143,NULL,'2020-05-26 10:49:19','2020-05-26 10:50:05',1,'1',1),(144,NULL,'2020-05-26 10:51:11','2020-05-26 10:51:17',1,'1',1),(145,NULL,'2020-05-26 10:51:22','2020-05-26 10:51:25',1,'1',1),(146,NULL,'2020-05-26 10:51:41','2020-05-26 10:52:14',3,'1',2),(147,NULL,'2020-05-26 10:52:51','2020-05-26 10:52:55',3,'1',2),(148,NULL,'2020-05-26 10:56:18','2020-05-26 10:56:21',3,'1',2),(149,NULL,'2020-05-26 10:58:00','2020-05-26 10:58:36',3,'1',2),(150,NULL,'2020-05-26 10:58:41','2020-05-26 10:59:28',3,'1',2),(151,NULL,'2020-05-26 11:00:46','2020-05-26 11:00:51',3,'1',2),(152,NULL,'2020-05-26 11:01:26','2020-05-26 11:01:30',3,'1',2),(153,NULL,'2020-05-26 11:40:06','2020-05-26 11:40:15',1,'1',1),(154,NULL,'2020-05-26 11:45:15','2020-05-26 11:45:18',3,'1',2),(155,NULL,'2020-05-26 11:47:31','2020-05-26 11:47:35',1,'1',1),(156,NULL,'2020-05-26 11:48:13','2020-05-26 11:48:16',3,'1',2),(157,NULL,'2020-05-26 11:49:56','2020-05-26 11:49:58',1,'1',1),(158,NULL,'2020-05-26 11:51:03','2020-05-26 11:51:07',3,'1',2),(159,NULL,'2020-05-26 11:52:22','2020-05-26 11:52:27',1,'1',1),(160,NULL,'2020-05-26 11:53:01','2020-05-26 11:53:05',3,'1',2),(161,NULL,'2020-05-26 11:55:00','2020-05-26 14:55:00',3,'1',2),(162,NULL,'2020-05-26 19:33:18','2020-05-26 19:33:25',1,'1',1),(163,NULL,'2020-05-26 19:33:34','2020-05-26 19:33:41',1,'1',1),(164,NULL,'2020-05-26 19:34:03','2020-05-26 19:36:35',1,'1',1),(165,NULL,'2020-05-27 13:18:25','2020-05-27 17:36:11',3,'1',2),(166,NULL,'2020-05-28 12:24:19','2020-05-28 12:24:31',3,'1',2),(167,NULL,'2020-05-28 12:24:26','2020-05-28 12:35:37',1,'1',1),(168,NULL,'2020-05-28 19:12:53','2020-05-28 19:13:13',3,'1',2),(169,NULL,'2020-05-28 19:13:02','2020-05-28 19:16:31',1,'1',1),(170,NULL,'2020-05-28 19:16:26','2020-05-28 19:26:30',3,'1',2),(171,NULL,'2020-05-28 19:49:14','2020-05-28 19:50:50',3,'1',2),(172,NULL,'2020-05-28 19:49:57','2020-05-28 20:24:27',1,'1',1),(173,NULL,'2020-05-29 08:37:51','2020-05-29 14:13:09',1,'1',1),(174,NULL,'2020-05-29 08:37:57','2020-05-29 14:13:23',3,'1',2),(175,NULL,'2020-05-29 18:13:50','2020-05-29 18:14:03',3,'1',2),(176,NULL,'2020-06-02 14:08:04','2020-06-02 14:08:28',1,'1',1),(177,NULL,'2020-06-02 14:08:15','2020-06-02 19:03:49',3,'1',2),(178,NULL,'2020-06-04 12:03:03','2020-06-04 12:40:58',1,'1',1),(179,NULL,'2020-06-04 12:03:22','2020-06-04 12:59:49',3,'1',2),(180,NULL,'2020-06-04 12:59:54','2020-06-04 13:15:48',1,'1',1),(185,NULL,'2020-06-06 10:36:53','2020-06-06 10:42:17',3,'1',2),(186,NULL,'2020-06-06 10:44:31','2020-06-06 10:50:12',3,'1',2),(187,NULL,'2020-06-06 10:55:58','2020-06-06 11:00:23',3,'1',2),(188,NULL,'2020-06-06 11:01:19','2020-06-06 15:10:53',3,'1',2),(189,NULL,'2020-06-06 15:12:51','2020-06-06 15:14:56',3,'1',2),(190,NULL,'2020-06-06 15:17:43','2020-06-06 15:25:34',3,'1',2),(191,NULL,'2020-06-06 15:28:39','2020-06-06 20:29:17',3,'1',2),(192,NULL,'2020-06-06 20:31:00','2020-06-07 22:52:00',3,'1',2),(193,NULL,'2020-06-13 23:02:06','2020-06-16 15:52:12',3,'1',2),(194,NULL,'2020-06-15 21:50:10','2020-06-15 21:57:09',3,'2',2),(195,NULL,'2020-06-16 15:47:42','2020-06-16 16:47:20',3,'2',2),(196,NULL,'2020-06-16 16:51:55','2020-06-16 17:01:20',3,'2',2),(197,NULL,'2020-06-16 17:03:27','2020-06-16 17:46:49',3,'1',2),(198,NULL,'2020-06-16 17:03:16','2020-06-16 17:52:58',3,'2',2),(201,NULL,'2020-06-29 19:06:59','2020-06-29 19:21:26',3,'2',2),(202,NULL,'2020-06-29 19:21:30','2020-06-29 19:25:07',3,'2',2),(203,NULL,'2020-06-29 19:25:15','2020-06-29 19:28:18',3,'2',2),(204,NULL,'2020-06-29 19:28:30','2020-07-02 17:40:24',3,'2',2),(205,NULL,'2020-07-02 17:41:00','2020-07-02 17:45:41',3,'2',2),(206,NULL,'2020-07-02 17:47:39','2020-07-02 17:50:57',3,'2',2),(207,NULL,'2020-07-02 17:52:26','2020-07-02 20:17:30',3,'2',2),(208,NULL,'2020-07-02 20:25:23','2020-07-02 20:45:12',3,'2',2),(209,NULL,'2020-07-02 20:47:02','2020-07-03 07:27:08',3,'2',2),(210,NULL,'2020-07-03 07:28:05','2020-07-03 17:52:38',3,'2',2),(211,NULL,'2020-07-03 17:51:03','2020-07-03 17:56:59',3,'1',2),(212,NULL,'2020-07-03 17:59:44','2020-07-03 18:06:03',3,'1',2),(213,NULL,'2020-07-03 17:58:00','2020-07-04 18:54:00',1,'1',1),(214,NULL,'2020-07-03 18:06:09','2020-07-03 18:06:14',3,'1',2),(215,NULL,'2020-07-03 18:08:41','2020-07-03 18:08:47',3,'1',2),(216,NULL,'2020-07-03 18:24:04','2020-07-03 18:24:12',3,'1',2),(217,NULL,'2020-07-03 18:24:22','2020-07-03 18:24:28',3,'1',2),(218,NULL,'2020-07-03 18:24:38','2020-07-03 18:28:57',3,'1',2),(219,NULL,'2020-07-03 18:29:57','2020-07-03 18:36:43',3,'1',2),(220,NULL,'2020-08-04 18:54:33','2020-08-07 06:45:13',1,'1',1),(221,NULL,'2020-08-07 11:44:58','2020-08-07 11:55:07',1,'1',1),(222,NULL,'2020-08-07 11:56:02','2020-08-07 11:57:21',1,'1',1),(223,NULL,'2020-08-07 11:58:46','2020-08-07 12:00:46',3,'1',2),(224,NULL,'2020-08-07 11:58:22','2020-08-07 11:59:27',1,'1',1),(225,NULL,'2020-08-07 12:01:11','2020-08-07 12:04:24',3,'1',2),(226,NULL,'2020-08-07 12:45:51','2020-08-07 12:47:07',3,'1',2),(227,NULL,'2020-08-07 12:47:56','2020-08-07 12:49:04',1,'1',1),(228,NULL,'2020-08-07 12:47:51','2020-08-07 12:49:38',3,'1',2),(229,NULL,'2020-08-07 12:49:51','2020-08-10 09:17:00',1,'1',1),(230,NULL,'2020-08-07 17:07:39','2020-08-10 09:15:03',3,'1',2),(231,NULL,'2020-08-10 09:16:03','2020-08-10 14:32:06',3,'1',2),(232,NULL,'2020-08-10 09:17:15','2020-08-10 14:26:20',1,'1',1),(233,NULL,'2020-08-10 14:26:25','2020-08-10 16:15:26',1,'1',1),(234,NULL,'2020-08-10 14:32:59','2020-08-10 14:36:21',3,'1',2),(235,NULL,'2020-08-10 14:51:43','2020-08-10 15:58:37',3,'1',2),(236,NULL,'2020-08-10 15:58:55','2020-08-10 16:05:57',3,'1',2),(237,NULL,'2020-08-10 16:06:02','2020-08-10 16:14:18',3,'1',2),(238,NULL,'2020-08-10 16:15:00','2020-08-10 16:20:43',3,'1',2),(239,NULL,'2020-08-10 16:21:25','2020-09-03 13:58:26',3,'1',2),(240,NULL,'2020-08-10 16:23:18','2020-08-10 16:24:33',4,'1',3),(241,NULL,'2020-08-10 16:25:49','2020-08-11 12:02:49',4,'1',3),(242,NULL,'2020-08-10 16:25:45','2020-08-11 12:04:50',1,'1',1),(243,NULL,'2020-08-11 12:03:11','2020-08-11 12:04:23',4,'1',3),(244,NULL,'2020-09-03 13:58:16','2020-09-03 15:11:49',4,'1',3),(245,NULL,'2020-09-03 15:12:34','2020-09-03 15:22:46',4,'1',3),(246,NULL,'2020-09-03 15:24:43','2020-09-03 15:34:25',4,'1',3),(247,NULL,'2020-09-03 15:24:53','2020-09-03 16:00:54',3,'1',2),(248,NULL,'2020-09-03 15:35:02','2020-09-03 16:29:11',4,'1',3),(249,NULL,'2020-09-03 16:01:57','2020-09-03 16:12:33',3,'1',2),(250,NULL,'2020-09-03 16:16:26','2020-09-03 16:22:58',3,'1',2),(251,NULL,'2020-09-03 16:30:47','2020-09-03 16:35:28',4,'1',3),(252,NULL,'2020-09-03 16:36:06','2020-09-03 16:37:38',4,'1',3),(253,NULL,'2020-09-03 16:36:00','2020-09-04 16:22:55',3,'1',2),(254,NULL,'2020-09-03 16:39:37','2020-09-04 16:22:47',4,'1',3),(255,NULL,'2020-09-04 16:23:18','2020-09-04 16:24:30',3,'1',2),(256,NULL,'2020-09-04 16:24:44','2020-09-08 16:10:17',4,'1',3),(257,NULL,'2020-09-04 16:23:48','2020-09-04 16:25:01',1,'1',1),(258,NULL,'2020-09-04 16:24:50','2020-09-08 16:10:08',3,'1',2),(259,NULL,'2020-09-04 16:25:18','2020-09-08 16:11:43',1,'1',1),(260,NULL,'2020-09-08 16:10:57','2020-09-08 16:12:14',4,'1',3),(261,NULL,'2020-09-08 16:11:10','2020-09-08 16:12:21',3,'1',2),(262,NULL,'2020-09-08 16:13:08','2020-09-08 16:48:49',4,'1',3),(263,NULL,'2020-09-08 16:13:36','2020-09-08 16:39:29',3,'1',2),(264,NULL,'2020-09-08 16:41:17','2020-09-08 16:42:38',3,'1',2),(265,NULL,'2020-09-08 16:46:37','2020-09-08 16:48:34',3,'1',2),(266,NULL,'2020-09-08 16:48:28','2020-10-05 16:41:16',1,'1',1),(267,NULL,'2020-09-08 16:55:30','2020-09-16 15:20:37',3,'1',2),(268,NULL,'2020-09-16 15:21:38','2020-09-16 15:23:09',4,'1',3),(269,NULL,'2020-09-16 15:21:45','2020-09-16 15:23:50',3,'1',2),(270,NULL,'2020-09-16 15:23:40','2020-09-16 15:25:50',4,'1',3),(271,NULL,'2020-09-16 15:25:41','2020-09-16 15:27:34',3,'1',2),(272,NULL,'2020-09-16 15:28:08','2020-09-16 16:04:19',4,'1',3),(273,NULL,'2020-09-16 15:28:00','2020-09-16 16:03:56',3,'1',2),(274,NULL,'2020-09-16 16:04:10','2020-09-16 16:06:07',3,'1',2),(275,NULL,'2020-09-16 16:07:09','2020-09-16 16:08:18',4,'1',3),(276,NULL,'2020-09-16 16:06:56','2020-09-16 16:09:36',3,'1',2),(277,NULL,'2020-09-16 16:09:30','2020-09-16 16:11:28',4,'1',3),(278,NULL,'2020-09-16 16:11:14','2020-09-16 16:12:20',3,'1',2),(279,NULL,'2020-09-16 16:12:12','2020-09-16 16:15:11',4,'1',3),(280,NULL,'2020-09-16 16:12:25','2020-10-05 08:19:35',3,'1',2),(281,NULL,'2020-09-16 16:18:18','2020-09-16 17:12:32',4,'1',3),(282,NULL,'2020-09-16 17:17:26','2020-09-16 17:24:57',4,'1',3),(283,NULL,'2020-09-16 17:25:33','2020-09-17 07:18:43',4,'1',3),(284,NULL,'2020-09-17 07:19:23','2020-09-17 17:12:06',4,'1',3),(285,NULL,'2020-09-17 17:13:33','2020-09-18 07:18:38',4,'1',3),(286,NULL,'2020-09-18 07:18:49','2020-09-18 17:15:24',4,'1',3),(287,NULL,'2020-09-18 17:17:03','2020-09-23 07:28:30',4,'1',3),(288,NULL,'2020-09-23 07:28:35','2020-09-24 07:18:07',4,'1',3),(289,NULL,'2020-09-24 07:18:26','2020-09-25 17:14:12',4,'1',3),(290,NULL,'2020-09-25 17:15:25','2020-10-02 10:24:57',4,'1',3),(291,NULL,'2020-10-02 10:26:12','2020-10-22 14:10:15',4,'1',3),(292,NULL,'2020-10-05 08:20:22','2020-10-05 08:42:07',3,'1',2),(293,NULL,'2020-10-05 08:42:11','2020-10-05 08:46:05',3,'1',2),(294,NULL,'2020-10-05 08:48:06','2020-10-05 13:45:03',3,'1',2),(295,NULL,'2020-10-05 13:45:14','2020-10-05 16:40:50',3,'1',2),(296,NULL,'2020-10-05 16:41:57','2020-10-22 13:50:30',1,'1',1),(297,NULL,'2020-10-05 16:49:41','2020-10-05 17:10:38',3,'1',2),(298,NULL,'2020-10-05 17:10:53','2020-10-22 14:09:58',3,'1',2),(299,NULL,'2020-10-22 13:51:01','2020-10-22 13:57:27',1,'1',1),(300,NULL,'2020-10-22 13:59:57','2020-10-22 14:01:03',1,'1',1),(301,NULL,'2020-10-22 14:01:31','2020-10-22 14:03:27',1,'1',1),(302,NULL,'2020-10-22 14:04:38','2020-10-22 23:59:59',1,'1',1),(303,NULL,'2020-10-22 14:10:30','2020-10-22 15:05:18',3,'1',2),(304,NULL,'2020-10-22 14:11:08','2020-10-22 15:05:24',4,'1',3),(305,NULL,'2020-10-22 17:11:02','2020-10-22 17:12:14',4,'1',3),(306,NULL,'2020-10-23 07:36:39','2020-10-26 12:04:24',4,'1',3),(307,NULL,'2020-10-26 12:15:21','2020-10-26 17:14:51',5,'1',5),(308,NULL,'2020-10-26 12:43:39','2020-10-26 17:11:28',7,'1',7),(309,NULL,'2020-10-26 12:48:10','2020-10-26 17:17:16',8,'1',8),(310,NULL,'2020-10-26 12:50:27','2020-10-26 19:12:33',9,'1',9),(311,NULL,'2020-10-26 12:56:06','2020-10-26 13:30:03',10,'1',10),(312,NULL,'2020-10-26 12:58:37','2020-10-27 07:38:33',11,'1',11),(313,NULL,'2020-10-26 13:09:09','2020-10-26 17:10:03',4,'1',3),(314,NULL,'2020-10-26 13:31:08','2020-10-26 17:10:37',10,'1',10),(315,NULL,'2020-10-26 19:22:18','2020-10-26 19:23:34',6,'1',6),(316,NULL,'2020-10-26 19:23:42','2020-10-26 19:24:55',6,'1',6),(317,NULL,'2020-10-27 07:21:23','2020-10-27 17:10:52',4,'1',3),(318,NULL,'2020-10-27 07:26:42','2020-10-27 17:30:43',6,'1',6),(319,NULL,'2020-10-27 07:29:44','2020-10-27 17:10:30',9,'1',9),(320,NULL,'2020-10-27 07:30:03','2020-10-27 17:10:24',8,'1',8),(321,NULL,'2020-10-27 07:34:43','2020-10-27 17:10:02',7,'1',7),(322,NULL,'2020-10-27 07:38:17','2020-10-27 17:00:11',5,'1',5),(323,NULL,'2020-10-27 07:38:38','2020-10-27 17:10:46',11,'1',11),(324,NULL,'2020-10-27 12:31:29','2020-10-27 16:42:37',3,'1',2),(326,NULL,'2020-10-27 17:09:44','2020-10-27 17:10:56',10,'1',10),(327,NULL,'2020-10-28 07:22:51','2020-10-28 17:10:37',11,'1',11),(328,NULL,'2020-10-28 07:23:31','2020-10-28 17:11:03',4,'1',3),(330,NULL,'2020-10-28 07:28:48','2020-10-28 17:13:18',9,'1',9),(331,NULL,'2020-10-28 07:29:28','2020-10-29 07:28:34',6,'1',6),(332,NULL,'2020-10-28 07:35:10','2020-10-28 17:36:17',8,'1',8),(333,NULL,'2020-10-28 07:38:34','2020-10-28 17:10:44',7,'1',7),(334,NULL,'2020-10-28 07:40:12','2020-10-28 17:14:04',5,'1',5),(335,NULL,'2020-10-28 07:51:57','2020-10-28 17:10:17',10,'1',10),(336,NULL,'2020-10-28 15:03:18','2020-10-28 17:07:32',3,'1',2),(337,NULL,'2020-10-29 07:21:12','2020-10-29 17:11:55',4,'1',3),(338,NULL,'2020-10-29 07:29:04','2020-10-29 12:00:17',9,'1',9),(339,NULL,'2020-10-29 07:29:40','2020-10-29 18:18:07',6,'1',6),(340,NULL,'2020-10-29 07:32:54','2020-10-29 17:17:46',8,'1',8),(341,NULL,'2020-10-29 07:37:57','2020-10-29 17:17:57',5,'1',5),(342,NULL,'2020-10-29 07:38:25','2020-10-29 17:10:51',11,'1',11),(343,NULL,'2020-10-29 07:42:19','2020-10-29 17:11:33',7,'1',7),(344,NULL,'2020-10-29 07:47:46','2020-10-29 17:10:24',10,'1',10),(345,NULL,'2020-10-29 12:07:40','2020-10-29 17:19:40',9,'1',9),(347,NULL,'2020-10-30 07:19:23','2020-10-30 17:11:07',4,'1',3),(348,NULL,'2020-10-30 07:26:20','2020-10-30 17:09:37',9,'1',9),(349,NULL,'2020-10-30 07:29:39','2020-10-30 17:09:49',8,'1',8),(350,NULL,'2020-10-30 07:30:56','2020-10-30 17:11:12',11,'1',11),(351,NULL,'2020-10-30 07:37:22','2020-10-30 17:09:56',7,'1',7),(352,NULL,'2020-10-30 07:44:29','2020-10-30 17:09:44',10,'1',10),(353,NULL,'2020-10-30 07:45:52','2020-10-30 17:11:23',5,'1',5),(354,NULL,'2020-11-02 07:22:43','2020-11-02 17:11:59',4,'1',3),(355,NULL,'2020-11-03 07:39:22','2020-11-03 07:39:00',6,'1',6),(356,NULL,'2020-11-03 07:37:22','2020-11-03 07:37:05',7,'1',7),(357,NULL,'2020-11-02 07:35:59','2020-11-02 17:16:22',8,'1',8),(358,NULL,'2020-11-02 07:36:28','2020-11-02 17:14:58',5,'1',5),(359,NULL,'2020-11-02 07:38:57','2020-11-02 17:34:03',9,'1',9),(360,NULL,'2020-11-02 07:39:32','2020-11-02 17:10:51',11,'1',11),(361,NULL,'2020-11-02 07:41:41','2020-11-02 17:10:28',10,'1',10),(362,NULL,'2020-11-03 07:27:38','2020-11-03 17:29:41',4,'1',3),(363,NULL,'2020-11-03 07:27:42','2020-11-03 17:10:20',11,'1',11),(364,NULL,'2020-11-03 07:29:18','2020-11-03 17:11:17',8,'1',8),(365,NULL,'2020-11-03 07:38:32','2020-11-03 17:10:32',9,'1',9),(366,NULL,'2020-11-04 07:35:56','2020-11-04 07:34:51',6,'1',6),(367,NULL,'2020-11-03 07:40:52','2020-11-03 17:10:27',7,'1',7),(368,NULL,'2020-11-03 07:49:25','2020-11-03 17:10:16',10,'1',10),(369,NULL,'2020-11-03 17:11:11','2020-11-04 07:43:14',5,'1',5),(370,NULL,'2020-11-04 07:28:42','2020-11-04 17:10:44',11,'1',11),(371,NULL,'2020-11-04 07:35:02','2020-11-04 17:11:39',4,'1',3),(372,NULL,'2020-11-04 07:35:25','2020-11-04 17:10:32',8,'1',8),(373,NULL,'2020-11-04 07:38:01','2020-11-04 12:35:47',7,'1',7),(374,NULL,'2020-11-04 07:38:15','2020-11-04 18:09:47',6,'1',6),(375,NULL,'2020-11-04 07:49:04','2020-11-04 17:10:54',9,'1',9),(376,NULL,'2020-11-04 07:51:33','2020-11-04 17:10:26',10,'1',10),(377,NULL,'2020-11-04 12:47:20','2020-11-04 17:12:18',7,'1',7),(378,NULL,'2020-11-04 16:31:03','2020-11-05 17:14:24',5,'1',5),(379,NULL,'2020-11-05 06:07:18','2020-11-05 06:30:31',6,'1',6),(380,NULL,'2020-11-05 07:27:49','2020-11-05 17:13:17',4,'1',3),(381,NULL,'2020-11-05 07:27:54','2020-11-05 17:09:51',11,'1',11),(382,NULL,'2020-11-05 07:34:32','2020-11-05 17:15:11',8,'1',8),(383,NULL,'2020-11-05 07:43:38','2020-11-05 12:43:56',7,'1',7),(384,NULL,'2020-11-05 07:50:28','2020-11-05 17:10:11',10,'1',10),(385,NULL,'2020-11-05 08:12:33','2020-11-05 17:13:55',9,'1',9),(386,NULL,'2020-11-05 12:58:42','2020-11-05 17:11:01',7,'1',7),(387,NULL,'2020-11-06 07:23:25','2020-11-09 07:31:30',4,'1',3),(388,NULL,'2020-11-06 07:35:07','2020-11-06 17:10:45',5,'1',5),(389,NULL,'2020-11-06 07:36:04','2020-11-06 17:10:49',8,'1',8),(390,NULL,'2020-11-06 07:37:04','2020-11-06 17:47:53',9,'1',9),(391,NULL,'2020-11-06 07:43:09','2020-11-06 17:11:04',7,'1',7),(392,NULL,'2020-11-06 07:54:14','2020-11-06 17:10:31',10,'1',10),(393,NULL,'2020-11-17 16:39:43','2020-11-17 16:39:35',3,'1',2),(394,NULL,'2020-11-09 07:31:25','2020-11-10 07:44:06',11,'1',11),(395,NULL,'2020-11-09 07:36:00','2020-11-10 07:44:00',10,'1',10),(396,NULL,'2020-11-09 07:38:33','2020-11-10 07:43:45',5,'1',5),(397,NULL,'2020-11-09 07:38:41','2020-11-10 07:43:52',7,'1',7),(398,NULL,'2020-11-10 07:40:50','2020-11-10 07:39:28',8,'1',8),(399,NULL,'2020-11-09 17:15:24','2020-11-09 17:16:35',4,'1',3),(400,NULL,'2020-11-10 07:14:41','2020-11-10 17:10:12',4,'1',3),(401,NULL,'2020-11-10 07:31:27','2020-11-10 17:28:27',9,'1',9),(402,NULL,'2020-11-10 07:43:35','2020-11-10 17:13:06',8,'1',8),(403,NULL,'2020-11-10 07:48:31','2020-11-10 17:12:31',5,'1',5),(404,NULL,'2020-11-10 07:48:36','2020-11-10 17:00:35',7,'1',7),(405,NULL,'2020-11-10 07:48:42','2020-11-10 17:10:28',10,'1',10),(406,NULL,'2020-11-10 07:48:49','2020-11-10 17:10:58',11,'1',11),(407,NULL,'2020-11-11 07:19:48','2020-11-11 17:10:23',4,'1',3),(408,NULL,'2020-11-11 07:26:28','2020-11-11 17:23:27',8,'1',8),(409,NULL,'2020-11-11 07:30:18','2020-11-11 17:18:50',11,'1',11),(410,NULL,'2020-11-11 07:42:28','2020-11-11 17:07:51',7,'1',7),(411,NULL,'2020-11-11 07:43:15','2020-11-11 17:19:42',9,'1',9),(412,NULL,'2020-11-11 07:46:58','2020-11-11 15:02:11',10,'1',10),(413,NULL,'2020-11-12 07:08:48','2020-11-12 17:10:13',4,'1',3),(414,NULL,'2020-11-12 07:36:53','2020-11-12 17:13:15',5,'1',5),(415,NULL,'2020-11-12 07:36:58','2020-11-12 17:13:04',11,'1',11),(416,NULL,'2020-11-12 07:37:03','2020-11-12 17:14:27',8,'1',8),(417,NULL,'2020-11-12 07:38:44','2020-11-12 17:14:00',9,'1',9),(418,NULL,'2020-11-12 07:40:03','2020-11-12 17:10:20',10,'1',10),(419,NULL,'2020-11-12 07:44:04','2020-11-12 17:10:29',7,'1',7),(420,NULL,'2020-11-13 07:35:33','2020-11-13 07:37:50',4,'1',3),(421,NULL,'2020-11-13 07:42:56','2020-11-13 17:10:51',4,'1',3),(422,NULL,'2020-11-13 07:42:50','2020-11-13 16:29:15',7,'1',7),(423,NULL,'2020-11-13 07:43:18','2020-11-13 17:14:20',8,'1',8),(424,NULL,'2020-11-13 07:45:36','2020-11-13 17:12:43',11,'1',11),(425,NULL,'2020-11-13 07:45:49','2020-11-13 17:12:54',5,'1',5),(426,NULL,'2020-11-13 07:45:54','2020-11-13 17:13:16',9,'1',9),(427,NULL,'2020-11-13 07:54:30','2020-11-13 17:10:23',10,'1',10),(428,NULL,'2020-11-16 07:30:10','2020-11-16 17:25:26',4,'1',3),(429,NULL,'2020-11-16 07:30:17','2020-11-16 17:51:46',6,'1',6),(430,NULL,'2020-11-16 07:35:52','2020-11-16 17:19:55',11,'1',11),(431,NULL,'2020-11-16 07:36:04','2020-11-16 17:22:13',5,'1',5),(432,NULL,'2020-11-16 07:40:27','2020-11-16 17:17:06',8,'1',8),(433,NULL,'2020-11-16 07:41:10','2020-11-16 17:22:28',9,'1',9),(434,NULL,'2020-11-16 07:44:07','2020-11-16 17:22:21',10,'1',10),(435,NULL,'2020-11-17 07:22:31','2020-11-17 17:10:41',4,'1',3),(436,NULL,'2020-11-17 07:25:00','2020-11-17 17:09:56',9,'1',9),(437,NULL,'2020-11-17 07:32:00','2020-11-17 17:09:33',10,'1',10),(438,NULL,'2020-11-17 07:22:55','2020-11-17 17:11:52',5,'1',5),(439,NULL,'2020-11-17 07:23:01','2020-11-17 17:11:20',11,'1',11),(440,NULL,'2020-11-17 07:21:00','2020-11-17 17:22:24',8,'1',8),(441,NULL,'2020-11-17 07:24:00','2020-11-17 16:49:00',6,'1',6),(443,NULL,'2020-11-18 07:16:58','2020-11-18 17:10:23',4,'1',3),(444,NULL,'2020-11-18 07:35:36','2020-11-18 17:13:00',8,'1',8),(445,NULL,'2020-11-18 07:35:54','2020-11-18 17:10:52',11,'1',11),(446,NULL,'2020-11-18 07:36:02','2020-11-18 17:11:00',5,'1',5),(447,NULL,'2020-11-18 07:53:33','2020-11-18 17:10:11',9,'1',9),(448,NULL,'2020-11-18 07:55:55','2020-11-18 23:59:59',10,'1',10),(449,NULL,'2020-11-19 07:16:01','2020-11-19 17:10:03',4,'1',3),(450,NULL,'2020-11-19 07:16:14','2020-11-19 17:13:50',9,'1',9),(451,NULL,'2020-11-19 07:27:21','2020-11-19 16:58:29',11,'1',11),(452,NULL,'2020-11-19 07:33:12','2020-11-19 17:15:41',8,'1',8),(453,NULL,'2020-11-19 07:34:33','2020-11-19 17:36:44',6,'1',6),(454,NULL,'2020-11-19 07:38:06','2020-11-19 17:13:37',5,'1',5),(455,NULL,'2020-11-19 10:55:45','2020-11-19 14:19:07',26,'1',12),(456,NULL,'2020-11-19 14:16:44','2020-11-19 14:23:14',31,'1',32),(457,NULL,'2020-11-19 14:16:49','2020-11-19 14:23:19',37,'1',41),(458,NULL,'2020-11-19 14:17:00','2020-11-19 14:23:23',24,'1',18),(459,NULL,'2020-11-19 14:17:04','2020-11-19 14:23:27',41,'1',27),(460,NULL,'2020-11-19 14:17:08','2020-11-19 14:23:31',42,'1',28),(461,NULL,'2020-11-19 14:17:13','2020-11-19 14:23:35',23,'1',19),(462,NULL,'2020-11-19 14:17:18','2020-11-19 14:23:40',35,'1',39),(463,NULL,'2020-11-19 14:17:22','2020-11-19 14:23:45',20,'1',22),(464,NULL,'2020-11-19 14:17:29','2020-11-19 14:23:49',52,'1',31),(465,NULL,'2020-11-19 14:17:33','2020-11-19 14:23:55',56,'1',40),(466,NULL,'2020-11-19 14:17:38','2020-11-19 14:24:00',21,'1',21),(467,NULL,'2020-11-19 14:17:42','2020-11-19 14:24:06',60,'1',30),(468,NULL,'2020-11-19 14:17:47','2020-11-19 14:24:11',67,'1',49),(469,NULL,'2020-11-19 14:17:52','2020-11-19 14:24:16',27,'1',23),(470,NULL,'2020-11-19 14:17:56','2020-11-19 14:24:22',68,'1',33),(471,NULL,'2020-11-19 14:18:01','2020-11-19 14:24:28',25,'1',16),(472,NULL,'2020-11-19 14:18:06','2020-11-19 14:24:33',18,'1',20),(473,NULL,'2020-11-19 14:18:10','2020-11-19 14:24:38',55,'1',37),(474,NULL,'2020-11-19 14:18:16','2020-11-19 14:24:45',34,'1',38),(475,NULL,'2020-11-19 14:18:21','2020-11-19 14:24:52',30,'1',17),(476,NULL,'2020-11-19 14:18:26','2020-11-19 14:24:58',14,'1',29),(477,NULL,'2020-11-19 14:18:30','2020-11-19 14:25:04',49,'1',36),(478,NULL,'2020-11-19 14:18:36','2020-11-19 14:25:26',17,'1',13),(479,NULL,'2020-11-19 14:18:40','2020-11-19 14:25:33',40,'1',26),(480,NULL,'2020-11-19 14:18:45','2020-11-19 14:25:38',61,'1',35),(481,NULL,'2020-11-19 14:18:51','2020-11-19 14:25:44',22,'1',14),(482,NULL,'2020-11-19 14:18:56','2020-11-19 14:25:53',28,'1',25),(483,NULL,'2020-11-19 14:19:01','2020-11-19 14:25:58',85,'1',34),(484,NULL,'2020-11-19 14:19:21','2020-11-19 14:26:16',29,'1',24),(485,NULL,'2020-11-19 14:19:27','2020-11-19 14:26:24',47,'1',58),(486,NULL,'2020-11-19 14:19:32','2020-11-19 14:26:32',54,'1',59),(487,NULL,'2020-11-19 14:19:36','2020-11-19 14:26:39',65,'1',60),(488,NULL,'2020-11-19 14:19:41','2020-11-19 14:26:46',51,'1',42),(489,NULL,'2020-11-19 14:19:46','2020-11-19 14:26:52',64,'1',44),(490,NULL,'2020-11-19 14:19:51','2020-11-19 14:26:59',39,'1',43),(491,NULL,'2020-11-19 14:20:02','2020-11-19 14:27:06',43,'1',45),(492,NULL,'2020-11-19 14:20:07','2020-11-19 14:27:11',69,'1',46),(493,NULL,'2020-11-19 14:20:15','2020-11-19 14:27:17',46,'1',47),(494,NULL,'2020-11-19 14:20:21','2020-11-19 14:27:22',59,'1',48),(495,NULL,'2020-11-19 14:20:27','2020-11-19 14:27:28',63,'1',50),(496,NULL,'2020-11-19 14:20:32','2020-11-19 14:27:34',33,'1',51),(497,NULL,'2020-11-19 14:20:38','2020-11-19 14:27:39',36,'1',61),(498,NULL,'2020-11-19 14:20:43','2020-11-19 14:27:46',53,'1',57),(499,NULL,'2020-11-19 14:20:49','2020-11-19 14:27:51',38,'1',52),(500,NULL,'2020-11-19 14:20:54','2020-11-19 14:27:59',48,'1',53),(501,NULL,'2020-11-19 14:21:00','2020-11-19 14:28:05',32,'1',54),(502,NULL,'2020-11-19 14:21:05','2020-11-19 14:28:10',44,'1',55),(503,NULL,'2020-11-19 14:21:09','2020-11-19 14:28:16',45,'1',56),(504,NULL,'2020-11-19 14:26:04','2020-11-19 14:28:23',26,'1',12),(505,NULL,'2020-11-20 07:16:49','2020-11-20 17:09:32',4,'1',3),(506,NULL,'2020-11-20 07:17:01','2020-11-20 17:09:38',3,'1',2),(507,NULL,'2020-11-20 07:27:54','2020-11-20 19:29:46',6,'1',6),(508,NULL,'2020-11-20 07:38:22','2020-11-20 23:59:59',5,'1',5),(509,NULL,'2020-11-20 07:38:28','2020-11-20 23:59:59',9,'1',9),(510,NULL,'2020-11-20 07:41:46','2020-11-20 17:14:18',8,'1',8),(511,NULL,'2020-11-20 07:44:21','2020-11-20 17:13:43',11,'1',11),(512,NULL,'2020-11-23 07:20:07','2020-11-23 17:57:31',6,'1',6),(513,NULL,'2020-11-23 07:21:24','2020-11-23 12:17:16',4,'1',3),(514,NULL,'2020-11-23 07:21:31','2020-11-23 23:59:59',3,'1',2),(515,NULL,'2020-11-23 07:33:03','2020-11-23 17:12:54',5,'1',5),(516,NULL,'2020-11-23 07:35:32','2020-11-23 17:13:07',8,'1',8),(517,NULL,'2020-11-23 07:44:44','2020-11-23 17:12:41',9,'1',9),(518,NULL,'2020-11-24 07:26:09','2020-11-25 07:39:19',8,'1',8),(519,NULL,'2020-11-24 07:30:15','2020-11-25 07:29:59',6,'1',6),(520,NULL,'2020-11-24 07:32:56','2020-11-24 17:13:31',4,'1',3),(521,NULL,'2020-11-24 07:33:02','2020-11-24 17:16:24',3,'1',2),(522,NULL,'2020-11-24 07:36:57','2020-11-25 07:36:19',11,'1',11),(523,NULL,'2020-11-24 07:47:22','2020-11-25 07:47:31',9,'1',9),(524,NULL,'2020-11-24 10:02:43','2020-11-25 07:35:47',5,'1',5),(525,NULL,'2020-11-25 07:22:55','2020-11-25 07:25:28',4,'1',3),(526,NULL,'2020-11-25 07:23:03','2020-11-25 07:25:33',3,'1',2),(527,NULL,'2020-11-25 07:28:09','2020-11-25 17:10:05',4,'1',3),(528,NULL,'2020-11-25 07:28:15','2020-11-25 17:16:38',3,'1',2),(529,NULL,'2020-11-25 07:33:50','2020-11-25 23:59:59',6,'1',6),(530,NULL,'2020-11-25 07:49:21','2020-11-25 17:11:21',9,'1',9),(531,NULL,'2020-11-25 15:03:24','2020-11-25 15:04:41',90,'1',63),(532,NULL,'2020-11-25 15:03:31','2020-11-25 15:04:50',89,'1',62),(533,NULL,'2020-11-26 06:56:43','2020-11-26 23:59:59',4,'1',3),(534,NULL,'2020-11-26 06:20:00','2020-11-26 23:59:59',18,'1',20),(535,NULL,'2020-11-26 06:58:21','2020-11-26 23:59:59',51,'1',42),(536,NULL,'2020-11-26 06:58:27','2020-11-26 23:59:59',14,'1',29),(537,NULL,'2020-11-26 06:35:00','2020-11-26 23:59:59',3,'1',2),(538,NULL,'2020-11-26 07:13:07','2020-11-26 23:59:59',85,'1',34),(539,NULL,'2020-11-26 07:13:52','2020-11-26 23:59:59',60,'1',30),(540,NULL,'2020-11-26 07:14:35','2020-11-26 12:25:23',26,'1',12),(541,NULL,'2020-11-26 07:16:01','2020-11-26 12:02:23',43,'1',45),(542,NULL,'2020-11-26 07:16:05','2020-11-26 23:59:59',90,'1',63),(543,NULL,'2020-11-26 07:20:13','2020-11-26 23:59:59',33,'1',51),(544,NULL,'2020-11-26 07:20:20','2020-11-26 23:59:59',39,'1',43),(545,NULL,'2020-11-26 07:28:38','2020-11-26 14:53:32',6,'1',6),(546,NULL,'2020-11-26 07:30:40','2020-11-26 23:59:59',45,'1',56),(547,NULL,'2020-11-26 07:30:47','2020-11-26 23:59:59',56,'1',40),(548,NULL,'2020-11-26 07:30:54','2020-11-26 23:59:59',63,'1',50),(549,NULL,'2020-11-26 07:31:01','2020-11-26 23:59:59',64,'1',44),(550,NULL,'2020-11-26 07:31:07','2020-11-26 23:59:59',42,'1',28),(551,NULL,'2020-11-26 07:31:19','2020-11-26 23:59:59',22,'1',14),(552,NULL,'2020-11-26 07:31:28','2020-11-26 23:59:59',52,'1',31),(553,NULL,'2020-11-26 07:34:58','2020-11-26 23:59:59',30,'1',17),(554,NULL,'2020-11-26 07:35:05','2020-11-26 23:59:59',34,'1',38),(555,NULL,'2020-11-26 07:35:12','2020-11-26 12:41:20',35,'1',39),(556,NULL,'2020-11-26 07:35:18','2020-11-26 23:59:59',53,'1',57),(557,NULL,'2020-11-26 07:35:27','2020-11-26 23:59:59',49,'1',36),(558,NULL,'2020-11-26 06:35:00','2020-11-26 23:59:59',29,'1',24),(559,NULL,'2020-11-26 07:35:41','2020-11-26 23:59:59',31,'1',32),(560,NULL,'2020-11-26 07:37:25','2020-11-26 23:59:59',5,'1',5),(561,NULL,'2020-11-26 07:37:31','2020-11-26 23:59:59',48,'1',53),(562,NULL,'2020-11-26 07:37:39','2020-11-26 23:59:59',41,'1',27),(563,NULL,'2020-11-26 07:37:58','2020-11-26 23:59:59',38,'1',52),(564,NULL,'2020-11-26 07:39:30','2020-11-26 10:42:12',9,'1',9),(565,NULL,'2020-11-26 07:39:36','2020-11-26 23:59:59',8,'1',8),(566,NULL,'2020-11-26 07:39:46','2020-11-26 23:59:59',68,'1',33),(567,NULL,'2020-11-26 07:39:51','2020-11-26 23:59:59',11,'1',11),(568,NULL,'2020-11-26 07:39:59','2020-11-26 23:59:59',89,'1',62),(569,NULL,'2020-11-26 07:40:06','2020-11-26 23:59:59',40,'1',26),(570,NULL,'2020-11-26 07:40:13','2020-11-26 23:59:59',44,'1',55),(571,NULL,'2020-11-26 07:40:41','2020-11-26 23:59:59',36,'1',61),(572,NULL,'2020-11-26 07:45:48','2020-11-26 23:59:59',67,'1',49),(573,NULL,'2020-11-26 07:47:05','2020-11-26 23:59:59',61,'1',35),(574,NULL,'2020-11-26 07:48:56','2020-11-26 23:59:59',27,'1',23),(575,NULL,'2020-11-26 07:49:40','2020-11-26 23:59:59',47,'1',58),(576,NULL,'2020-11-26 07:49:44','2020-11-26 23:59:59',37,'1',41),(577,NULL,'2020-11-26 07:55:07','2020-11-26 12:08:58',21,'1',21),(578,NULL,'2020-11-26 06:41:00','2020-11-26 13:47:30',25,'1',16),(579,NULL,'2020-11-26 10:49:38','2020-11-26 23:59:59',9,'1',9),(580,NULL,'2020-11-26 13:12:19','2020-11-26 23:59:59',21,'1',21),(581,NULL,'2020-11-26 15:41:33','2020-11-26 16:02:32',23,'2',19),(582,NULL,'2020-11-26 16:04:18','2020-11-26 16:06:12',23,'2',19),(583,NULL,'2020-11-26 16:08:22','2020-11-26 23:59:59',23,'2',19),(584,NULL,'2020-11-26 16:10:20','2020-11-26 23:59:59',89,'2',62),(585,NULL,'2020-11-26 16:10:34','2020-11-26 23:59:59',40,'2',26),(586,NULL,'2020-11-26 16:11:12','2020-11-26 23:59:59',41,'2',27),(587,NULL,'2020-11-26 16:54:20','2020-11-26 23:59:59',6,'2',6),(588,NULL,'2020-11-26 17:17:03','2020-11-26 23:59:59',9,'2',9),(589,NULL,'2020-11-26 17:16:54','2020-11-26 23:59:59',90,'2',63),(590,NULL,'2020-11-27 06:34:58','2020-11-27 15:52:44',25,'2',16),(591,NULL,'2020-11-27 06:38:54','2020-11-27 17:18:40',3,'2',2),(592,NULL,'2020-11-27 06:39:22','2020-11-27 17:14:01',29,'2',24),(593,NULL,'2020-11-27 06:53:57','2020-11-27 17:10:49',32,'2',54),(594,NULL,'2020-11-27 06:58:42','2020-11-27 17:09:58',51,'2',42),(595,NULL,'2020-11-27 06:58:47','2020-11-27 17:11:16',14,'2',29),(596,NULL,'2020-11-27 07:06:48','2020-11-27 16:10:16',65,'2',60),(597,NULL,'2020-11-27 07:09:17','2020-11-27 10:26:53',4,'2',3),(598,NULL,'2020-11-27 07:11:24','2020-11-27 17:12:02',85,'2',34),(599,NULL,'2020-11-27 07:12:16','2020-11-27 10:26:59',26,'2',12),(600,NULL,'2020-11-27 07:16:31','2020-11-27 07:23:48',90,'2',63),(601,NULL,'2020-11-27 07:17:21','2020-11-27 17:10:09',43,'2',45),(602,NULL,'2020-11-27 07:20:02','2020-11-27 12:13:42',60,'2',30),(603,NULL,'2020-11-27 07:20:48','2020-11-27 17:14:39',39,'2',43),(604,NULL,'2020-11-27 07:20:57','2020-11-27 17:14:45',33,'2',51),(605,NULL,'2020-11-27 07:22:19','2020-11-27 17:10:03',45,'2',56),(606,NULL,'2020-11-27 07:22:51','2020-11-27 16:10:37',41,'2',27),(607,NULL,'2020-11-27 07:28:00','2020-11-27 17:10:26',49,'2',36),(608,NULL,'2020-11-27 07:28:13','2020-11-27 17:14:22',22,'2',14),(609,NULL,'2020-11-27 07:29:36','2020-11-27 16:19:22',42,'2',28),(610,NULL,'2020-11-27 07:29:42','2020-11-27 16:10:20',89,'2',62),(611,NULL,'2020-11-27 07:30:42','2020-11-27 17:11:55',64,'2',44),(612,NULL,'2020-11-27 07:31:35','2020-11-27 17:23:33',6,'2',6),(613,NULL,'2020-11-27 07:32:48','2020-11-27 17:10:39',48,'2',53),(614,NULL,'2020-11-27 07:32:58','2020-11-27 17:10:43',11,'2',11),(615,NULL,'2020-11-27 07:33:03','2020-11-27 17:12:19',5,'2',5),(616,NULL,'2020-11-27 07:33:20','2020-11-27 16:11:00',40,'2',26),(617,NULL,'2020-11-27 07:33:54','2020-11-27 17:11:02',31,'2',32),(618,NULL,'2020-11-27 07:34:02','2020-11-27 17:10:56',34,'2',38),(619,NULL,'2020-11-27 07:34:07','2020-11-27 17:10:22',56,'2',40),(620,NULL,'2020-11-27 07:34:19','2020-11-27 17:11:06',35,'2',39),(621,NULL,'2020-11-27 07:34:41','2020-11-27 17:11:12',53,'2',57),(622,NULL,'2020-11-27 07:37:46','2020-11-27 17:11:38',38,'2',52),(623,NULL,'2020-11-27 07:37:56','2020-11-27 17:11:42',36,'2',61),(624,NULL,'2020-11-27 07:38:09','2020-11-27 17:11:21',63,'2',50),(625,NULL,'2020-11-27 07:38:49','2020-11-27 17:14:08',67,'2',49),(626,NULL,'2020-11-27 07:39:19','2020-11-27 17:13:45',27,'2',23),(627,NULL,'2020-11-27 07:39:24','2020-11-27 17:14:32',9,'2',9),(628,NULL,'2020-11-27 07:39:33','2020-11-27 17:12:06',8,'2',8),(629,NULL,'2020-11-27 07:40:28','2020-11-27 17:10:13',44,'2',55),(630,NULL,'2020-11-27 07:42:21','2020-11-27 10:57:56',30,'2',17),(631,NULL,'2020-11-27 07:43:31','2020-11-27 17:14:54',68,'2',33),(632,NULL,'2020-11-27 07:44:02','2020-11-27 17:11:46',37,'2',41),(633,NULL,'2020-11-27 07:44:39','2020-11-27 17:10:18',52,'2',31),(634,NULL,'2020-11-27 07:47:20','2020-11-27 17:10:35',61,'2',35),(635,NULL,'2020-11-27 07:50:18','2020-11-27 17:10:31',47,'2',58),(636,NULL,'2020-11-27 07:53:43','2020-11-27 16:01:09',18,'2',20),(637,NULL,'2020-11-27 07:59:18','2020-11-27 12:06:10',21,'2',21),(638,NULL,'2020-11-27 10:48:50','2020-11-27 17:12:34',4,'2',3),(639,NULL,'2020-11-27 10:48:56','2020-11-27 17:12:24',26,'2',12),(640,NULL,'2020-11-27 13:20:39','2020-11-27 17:12:47',21,'2',21),(641,NULL,'2020-11-27 15:15:43','2020-11-27 17:11:51',30,'2',17),(642,NULL,'2020-11-27 15:37:59','2020-11-27 15:49:11',90,'2',63),(643,NULL,'2020-11-28 06:45:00','2020-11-28 23:59:59',20,'2',22),(644,NULL,'2020-11-28 06:50:44','2020-11-28 23:59:59',24,'2',18),(645,NULL,'2020-11-28 12:52:24','2020-11-28 13:11:27',6,'2',6),(646,NULL,'2020-11-29 06:45:54','2020-11-29 23:59:59',23,'2',19),(647,NULL,'2020-11-29 07:07:18','2020-11-29 23:59:59',20,'2',22),(648,NULL,'2020-11-30 06:24:35','2020-11-30 15:52:22',18,'2',20),(649,NULL,'2020-11-30 06:37:35','2020-11-30 17:00:00',3,'2',2),(650,NULL,'2020-11-30 06:37:54','2020-11-30 17:00:00',29,'2',24),(651,NULL,'2020-11-30 06:38:09','2020-11-30 16:19:10',25,'2',16),(652,NULL,'2020-11-30 06:52:16','2020-11-30 17:00:00',32,'2',54),(653,NULL,'2020-11-30 06:54:38','2020-11-30 17:42:20',24,'2',18),(654,NULL,'2020-11-30 06:59:54','2020-11-30 17:00:00',51,'2',42),(655,NULL,'2020-11-30 07:00:01','2020-11-30 17:00:00',14,'2',29),(656,NULL,'2020-11-30 07:06:37','2020-11-30 17:00:00',63,'2',50),(657,NULL,'2020-11-30 07:09:27','2020-11-30 17:00:00',60,'2',30),(658,NULL,'2020-11-30 07:14:05','2020-11-30 17:00:00',4,'2',3),(659,NULL,'2020-11-30 07:14:21','2020-11-30 08:34:20',90,'2',63),(660,NULL,'2020-11-30 07:15:47','2020-11-30 17:00:00',49,'2',36),(661,NULL,'2020-11-30 07:16:32','2020-11-30 17:00:00',45,'2',56),(662,NULL,'2020-11-30 07:16:49','2020-11-30 17:00:00',27,'2',23),(663,NULL,'2020-11-30 07:17:43','2020-11-30 17:00:00',85,'2',34),(664,NULL,'2020-11-30 07:19:35','2020-11-30 17:00:00',23,'2',19),(665,NULL,'2020-11-30 07:18:29','2020-11-30 16:10:22',41,'2',27),(666,NULL,'2020-11-30 07:19:11','2020-11-30 17:00:00',26,'2',12),(667,NULL,'2020-11-30 07:21:27','2020-11-30 10:11:28',39,'2',43),(668,NULL,'2020-11-30 07:21:36','2020-11-30 17:00:00',33,'2',51),(669,NULL,'2020-11-30 07:27:00','2020-11-30 17:00:00',22,'2',14),(670,NULL,'2020-11-30 07:28:33','2020-11-30 17:00:00',8,'2',8),(671,NULL,'2020-11-30 07:28:58','2020-11-30 17:00:00',43,'2',45),(672,NULL,'2020-11-30 07:29:07','2020-11-30 16:26:30',40,'2',26),(673,NULL,'2020-11-30 07:29:46','2020-11-30 17:00:00',48,'2',53),(674,NULL,'2020-11-30 07:30:17','2020-11-30 17:00:00',31,'2',32),(675,NULL,'2020-11-30 07:32:15','2020-11-30 16:14:11',89,'2',62),(676,NULL,'2020-11-30 07:34:26','2020-11-30 17:00:00',44,'2',55),(677,NULL,'2020-11-30 07:34:58','2020-11-30 17:00:00',34,'2',38),(678,NULL,'2020-11-30 07:35:04','2020-11-30 17:00:00',56,'2',40),(679,NULL,'2020-11-30 07:35:12','2020-11-30 17:00:00',35,'2',39),(680,NULL,'2020-11-30 07:35:19','2020-11-30 17:00:00',5,'2',5),(681,NULL,'2020-11-30 07:35:35','2020-11-30 17:00:00',11,'2',11),(682,NULL,'2020-11-30 07:35:45','2020-11-30 17:00:00',53,'2',57),(683,NULL,'2020-11-30 07:38:15','2020-11-30 17:00:00',68,'2',33),(684,NULL,'2020-11-30 07:38:20','2020-11-30 17:00:00',36,'2',61),(685,NULL,'2020-11-30 07:39:53','2020-11-30 17:00:00',67,'2',49),(686,NULL,'2020-11-30 07:40:11','2020-11-30 17:00:00',9,'2',9),(687,NULL,'2020-11-30 07:40:33','2020-11-30 17:00:00',42,'2',28),(688,NULL,'2020-11-30 07:40:48','2020-11-30 17:00:00',64,'2',44),(689,NULL,'2020-11-30 07:43:32','2020-11-30 17:00:00',10,'2',10),(690,NULL,'2020-11-30 07:45:23','2020-11-30 17:00:00',38,'2',52),(691,NULL,'2020-11-30 07:46:21','2020-11-30 17:00:00',47,'2',58),(692,NULL,'2020-11-30 07:50:00','2020-11-30 17:12:00',30,'2',17),(693,NULL,'2020-11-30 07:50:49','2020-11-30 17:00:00',21,'2',21),(694,NULL,'2020-11-30 16:22:19','2020-11-30 17:00:00',39,'2',43),(695,NULL,'2020-11-30 16:48:32','2020-11-30 17:00:50',90,'2',63),(696,NULL,'2020-12-01 06:37:22','2020-12-01 16:18:12',25,'2',16),(697,NULL,'2020-12-01 06:39:41','2020-12-01 17:16:17',29,'2',24),(698,NULL,'2020-12-01 06:40:06','2020-12-01 17:18:43',3,'2',2),(699,NULL,'2020-12-01 06:49:16','2020-12-01 15:51:51',18,'2',20),(700,NULL,'2020-12-01 06:50:53','2020-12-01 06:58:02',20,'2',22),(701,NULL,'2020-12-01 06:52:09','2020-12-01 17:12:27',32,'2',54),(702,NULL,'2020-12-01 06:57:04','2020-12-03 06:54:45',24,'2',18),(703,NULL,'2020-12-01 07:01:10','2020-12-01 17:10:32',51,'2',42),(704,NULL,'2020-12-01 07:01:20','2020-12-01 17:12:32',14,'2',29),(705,NULL,'2020-12-01 07:08:54','2020-12-01 17:15:58',28,'2',25),(706,NULL,'2020-12-01 07:13:43','2020-12-01 17:12:41',85,'2',34),(707,NULL,'2020-12-01 07:16:53','2020-12-01 17:10:28',43,'2',45),(708,NULL,'2020-12-01 07:17:09','2020-12-01 17:11:29',60,'2',30),(709,NULL,'2020-12-01 07:18:00','2020-12-01 17:11:00',26,'2',12),(710,NULL,'2020-12-01 07:20:12','2020-12-01 17:13:15',90,'2',63),(711,NULL,'2020-12-01 07:20:17','2020-12-01 17:12:12',49,'2',36),(712,NULL,'2020-12-01 07:20:23','2020-12-01 17:10:15',45,'2',56),(713,NULL,'2020-12-01 07:20:52','2020-12-01 16:10:33',41,'2',27),(714,NULL,'2020-12-01 07:21:59','2020-12-01 17:13:23',63,'2',50),(715,NULL,'2020-12-01 07:22:36','2020-12-01 16:16:30',89,'2',62),(716,NULL,'2020-12-01 07:26:51','2020-12-01 17:12:19',54,'2',59),(717,NULL,'2020-12-01 07:28:45','2020-12-01 17:11:24',11,'2',11),(718,NULL,'2020-12-01 07:28:51','2020-12-01 17:11:00',48,'2',53),(719,NULL,'2020-12-01 07:29:14','2020-12-01 17:11:18',31,'2',32),(720,NULL,'2020-12-01 07:29:00','2020-12-01 12:02:00',33,'2',51),(721,NULL,'2020-12-01 07:30:31','2020-12-01 16:26:27',42,'2',28),(722,NULL,'2020-12-01 07:32:02','2020-12-01 17:13:08',64,'2',44),(723,NULL,'2020-12-01 07:32:52','2020-12-01 17:10:19',44,'2',55),(724,NULL,'2020-12-01 07:32:58','2020-12-01 17:11:55',34,'2',38),(725,NULL,'2020-12-01 07:33:03','2020-12-01 17:10:38',56,'2',40),(726,NULL,'2020-12-01 07:33:07','2020-12-01 17:11:46',35,'2',39),(727,NULL,'2020-12-01 07:33:12','2020-12-01 17:09:39',4,'2',3),(728,NULL,'2020-12-01 07:33:28','2020-12-01 16:10:38',40,'2',26),(729,NULL,'2020-12-01 07:33:32','2020-12-01 17:13:02',36,'2',61),(730,NULL,'2020-12-01 07:33:36','2020-12-01 17:18:06',68,'2',33),(731,NULL,'2020-12-01 07:33:42','2020-12-01 17:11:51',53,'2',57),(732,NULL,'2020-12-01 07:33:50','2020-12-01 17:12:45',27,'2',23),(733,NULL,'2020-12-01 07:34:10','2020-12-01 17:12:37',67,'2',49),(734,NULL,'2020-12-01 07:35:17','2020-12-01 17:16:02',8,'2',8),(735,NULL,'2020-12-01 07:36:00','2020-12-01 17:12:04',10,'2',10),(736,NULL,'2020-12-01 07:35:00','2020-12-01 17:15:44',22,'2',14),(737,NULL,'2020-12-01 07:36:00','2020-12-01 17:12:23',55,'2',37),(738,NULL,'2020-12-01 07:37:00','2020-12-01 17:12:00',52,'2',31),(739,NULL,'2020-12-01 07:38:00','2020-12-01 17:14:40',30,'2',17),(740,NULL,'2020-12-01 07:39:00','2020-12-01 12:30:00',37,'2',41),(741,NULL,'2020-12-01 07:41:00','2020-12-01 17:15:40',5,'2',5),(742,NULL,'2020-12-01 07:42:00','2020-12-01 17:15:50',9,'2',9),(743,NULL,'2020-12-01 07:44:00','2020-12-01 17:12:56',38,'2',52),(744,NULL,'2020-12-01 07:31:00','2020-12-01 17:12:00',47,'2',58),(746,NULL,'2020-12-02 06:36:56','2020-12-02 16:20:30',25,'2',16),(747,NULL,'2020-12-02 06:37:28','2020-12-02 17:18:16',3,'2',2),(748,NULL,'2020-12-02 06:38:14','2020-12-02 17:19:05',29,'2',24),(749,NULL,'2020-12-02 06:48:22','2020-12-03 07:03:49',23,'2',19),(750,NULL,'2020-12-02 06:56:00','2020-12-02 15:55:00',18,'2',20),(751,NULL,'2020-12-02 06:58:05','2020-12-02 17:09:08',51,'2',42),(752,NULL,'2020-12-02 06:58:15','2020-12-02 17:10:22',14,'2',29),(753,NULL,'2020-12-02 06:59:39','2020-12-02 17:10:34',32,'2',54),(754,NULL,'2020-12-02 07:06:25','2020-12-02 07:07:34',20,'2',22),(755,NULL,'2020-12-02 07:11:48','2020-12-02 17:18:38',28,'2',25),(756,NULL,'2020-12-02 07:13:47','2020-12-02 10:22:11',90,'2',63),(757,NULL,'2020-12-02 07:14:04','2020-12-02 17:13:26',26,'2',12),(758,NULL,'2020-12-02 07:14:53','2020-12-02 17:09:39',60,'2',30),(759,NULL,'2020-12-02 07:17:32','2020-12-02 17:10:04',49,'2',36),(760,NULL,'2020-12-02 07:18:13','2020-12-02 17:10:46',85,'2',34),(761,NULL,'2020-12-02 07:19:28','2020-12-02 16:10:14',41,'2',27),(762,NULL,'2020-12-02 07:19:37','2020-12-02 17:09:24',45,'2',56),(763,NULL,'2020-12-02 07:19:46','2020-12-02 17:15:42',4,'2',3),(764,NULL,'2020-12-02 07:20:44','2020-12-02 17:09:58',54,'2',59),(765,NULL,'2020-12-02 07:25:29','2020-12-02 16:12:04',89,'2',62),(766,NULL,'2020-12-02 07:25:54','2020-12-02 17:11:11',38,'2',52),(767,NULL,'2020-12-02 07:27:45','2020-12-02 17:10:30',48,'2',53),(768,NULL,'2020-12-02 07:27:58','2020-12-02 12:50:35',31,'2',32),(769,NULL,'2020-12-02 07:30:38','2020-12-02 17:13:17',8,'2',8),(770,NULL,'2020-12-02 07:30:43','2020-12-02 17:09:28',33,'2',51),(771,NULL,'2020-12-02 07:32:45','2020-12-02 17:09:43',44,'2',55),(772,NULL,'2020-12-02 07:34:31','2020-12-02 17:11:15',36,'2',61),(773,NULL,'2020-12-02 07:34:49','2020-12-02 17:13:05',27,'2',23),(774,NULL,'2020-12-02 07:34:53','2020-12-02 17:13:33',67,'2',49),(775,NULL,'2020-12-02 07:35:03','2020-12-02 16:25:02',42,'2',28),(776,NULL,'2020-12-02 07:35:33','2020-12-02 17:10:50',11,'2',11),(777,NULL,'2020-12-02 07:35:37','2020-12-02 17:13:38',64,'2',44),(778,NULL,'2020-12-02 07:36:00','2020-12-02 17:12:00',34,'2',38),(779,NULL,'2020-12-02 07:36:08','2020-12-02 17:09:35',56,'2',40),(780,NULL,'2020-12-02 07:36:13','2020-12-02 17:10:54',35,'2',39),(781,NULL,'2020-12-02 07:36:21','2020-12-02 17:11:01',53,'2',57),(782,NULL,'2020-12-02 07:36:30','2020-12-02 16:10:22',40,'2',26),(783,NULL,'2020-12-02 07:38:43','2020-12-02 17:21:38',68,'2',33),(784,NULL,'2020-12-02 07:39:17','2020-12-02 17:16:17',22,'2',14),(785,NULL,'2020-12-02 07:39:37','2020-12-02 17:10:18',55,'2',37),(786,NULL,'2020-12-02 07:40:13','2020-12-02 17:09:52',52,'2',31),(787,NULL,'2020-12-02 07:45:25','2020-12-02 17:10:10',47,'2',58),(788,NULL,'2020-12-02 07:45:44','2020-12-02 10:35:15',9,'2',9),(789,NULL,'2020-12-02 07:46:51','2020-12-02 17:09:47',10,'2',10),(790,NULL,'2020-12-02 07:47:09','2020-12-02 10:24:57',30,'2',17),(791,NULL,'2020-12-02 07:53:31','2020-12-02 11:03:59',21,'2',21),(792,NULL,'2020-12-02 08:16:46','2020-12-02 17:09:13',43,'2',45),(793,NULL,'2020-12-02 10:38:12','2020-12-02 17:13:42',30,'2',17),(794,NULL,'2020-12-02 11:06:10','2020-12-02 17:18:44',9,'2',9),(795,NULL,'2020-12-02 11:21:28','2020-12-02 17:11:21',90,'2',63),(796,NULL,'2020-12-02 11:35:29','2020-12-02 11:53:21',65,'2',60),(797,NULL,'2020-12-02 14:04:12','2020-12-02 17:10:39',31,'2',32),(798,NULL,'2020-12-02 15:09:02','2020-12-02 17:12:34',21,'2',21),(799,NULL,'2020-12-02 07:35:00','2020-12-02 17:14:00',37,'2',41),(800,NULL,'2020-12-02 07:36:00','2020-12-02 17:16:00',5,'2',5),(801,NULL,'2020-12-03 06:39:12','2020-12-03 17:19:38',3,'2',2),(802,NULL,'2020-12-03 06:39:28','2020-12-03 17:19:34',29,'2',24),(803,NULL,'2020-12-03 06:40:31','2020-12-03 13:34:33',25,'2',16),(804,NULL,'2020-12-03 06:47:25','2020-12-03 17:11:01',32,'2',54),(805,NULL,'2020-12-03 07:01:01','2020-12-03 17:10:05',51,'2',42),(806,NULL,'2020-12-03 07:01:07','2020-12-03 17:11:49',14,'2',29),(807,NULL,'2020-12-03 07:02:59','2020-12-03 17:12:32',85,'2',34),(808,NULL,'2020-12-03 07:05:05','2020-12-03 17:13:50',26,'2',12),(809,NULL,'2020-12-03 07:10:30','2020-12-03 17:19:30',28,'2',25),(810,NULL,'2020-12-03 07:16:35','2020-12-03 17:12:16',4,'2',3),(811,NULL,'2020-12-03 07:18:48','2020-12-03 17:11:40',90,'2',63),(812,NULL,'2020-12-03 07:18:59','2020-12-03 17:10:14',45,'2',56),(813,NULL,'2020-12-03 07:19:14','2020-12-03 17:10:42',54,'2',59),(814,NULL,'2020-12-03 07:19:28','2020-12-03 17:10:27',33,'2',51),(815,NULL,'2020-12-03 07:19:34','2020-12-03 17:10:38',60,'2',30),(816,NULL,'2020-12-03 07:21:47','2020-12-03 17:10:10',56,'2',40),(817,NULL,'2020-12-03 07:24:45','2020-12-03 16:13:21',89,'2',62),(818,NULL,'2020-12-03 07:25:26','2020-12-03 16:10:36',41,'2',27),(819,NULL,'2020-12-03 07:27:43','2020-12-03 17:11:26',48,'2',53),(820,NULL,'2020-12-03 07:28:27','2020-12-03 17:11:22',31,'2',32),(821,NULL,'2020-12-03 07:29:24','2020-12-03 16:25:38',42,'2',28),(822,NULL,'2020-12-03 07:29:45','2020-12-03 17:12:00',64,'2',44),(823,NULL,'2020-12-03 07:30:33','2020-12-03 17:10:48',49,'2',36),(824,NULL,'2020-12-03 07:30:38','2020-12-03 17:11:31',22,'2',14),(825,NULL,'2020-12-03 07:31:49','2020-12-03 17:10:18',44,'2',55),(826,NULL,'2020-12-03 07:31:53','2020-12-03 17:10:22',43,'2',45),(827,NULL,'2020-12-03 07:35:05','2020-12-03 17:11:09',35,'2',39),(828,NULL,'2020-12-03 07:35:09','2020-12-03 17:11:16',53,'2',57),(829,NULL,'2020-12-03 07:35:32','2020-12-03 13:05:18',9,'2',9),(830,NULL,'2020-12-03 07:36:13','2020-12-03 17:15:31',67,'2',49),(831,NULL,'2020-12-03 07:36:39','2020-12-03 17:19:21',5,'2',5),(832,NULL,'2020-12-03 07:36:49','2020-12-03 17:19:26',11,'2',11),(833,NULL,'2020-12-03 07:37:04','2020-12-03 17:10:53',55,'2',37),(834,NULL,'2020-12-03 07:37:22','2020-12-03 17:12:08',36,'2',61),(835,NULL,'2020-12-03 07:37:30','2020-12-03 17:20:18',68,'2',33),(836,NULL,'2020-12-03 07:37:57','2020-12-03 17:11:44',27,'2',23),(837,NULL,'2020-12-03 07:38:05','2020-12-03 17:14:39',8,'2',8),(838,NULL,'2020-12-03 07:38:12','2020-12-03 13:07:28',30,'2',17),(839,NULL,'2020-12-03 07:42:06','2020-12-03 16:10:49',40,'2',26),(840,NULL,'2020-12-03 07:42:56','2020-12-03 17:12:04',38,'2',52),(841,NULL,'2020-12-03 07:45:27','2020-12-03 17:11:35',10,'2',10),(842,NULL,'2020-12-03 07:45:46','2020-12-03 17:15:00',37,'2',41),(843,NULL,'2020-12-03 07:47:49','2020-12-03 17:10:33',47,'2',58),(844,NULL,'2020-12-03 07:53:10','2020-12-03 12:02:00',21,'2',21),(845,NULL,'2020-12-03 07:53:00','2020-12-03 23:59:00',15,'2',15),(846,NULL,'2020-12-03 06:44:00','2020-12-03 15:51:16',18,'2',20),(847,NULL,'2020-12-03 13:20:30','2020-12-03 17:14:02',21,'2',21),(848,NULL,'2020-12-03 07:36:00','2020-12-03 17:10:57',34,'2',38),(849,NULL,'2020-12-03 16:37:10','2020-12-03 17:14:49',9,'2',9),(850,NULL,'2020-12-03 16:42:00','2020-12-03 23:59:00',92,'2',64),(851,NULL,'2020-12-03 16:43:00','2020-12-03 23:59:00',93,'2',65),(852,NULL,'2020-12-03 16:43:00','2020-12-03 23:59:00',97,'2',66),(853,NULL,'2020-12-03 16:43:00','2020-12-03 23:59:00',98,'2',67),(854,NULL,'2020-12-03 16:43:00','2020-12-03 23:59:00',99,'2',68),(855,NULL,'2020-12-03 16:43:27','2020-12-03 17:11:05',91,'2',69),(856,NULL,'2020-12-03 17:15:16','2020-12-03 17:16:24',30,'2',17),(857,NULL,'2020-12-04 06:37:07','2020-12-04 17:15:18',3,'2',2),(858,NULL,'2020-12-04 06:37:35','2020-12-04 16:10:43',29,'2',24),(859,NULL,'2020-12-04 06:42:21','2020-12-04 16:22:15',25,'2',16),(860,NULL,'2020-12-04 06:46:59','2020-12-05 07:02:55',20,'2',22),(861,NULL,'2020-12-04 06:55:54','2020-12-04 15:52:49',18,'2',20),(862,NULL,'2020-12-04 06:56:02','2020-12-04 17:11:16',32,'2',54),(863,NULL,'2020-12-04 06:58:42','2020-12-04 07:01:00',24,'2',18),(864,NULL,'2020-12-04 06:58:57','2020-12-04 17:10:16',51,'2',42),(865,NULL,'2020-12-04 06:59:02','2020-12-04 17:11:33',14,'2',29),(866,NULL,'2020-12-04 07:09:37','2020-12-04 17:11:46',26,'2',12),(867,NULL,'2020-12-04 07:09:44','2020-12-04 17:14:31',28,'2',25),(868,NULL,'2020-12-04 07:14:37','2020-12-04 17:12:00',90,'2',63),(869,NULL,'2020-12-04 07:15:19','2020-12-04 17:12:18',4,'2',3),(870,NULL,'2020-12-04 07:17:00','2020-12-04 12:05:00',60,'2',30),(871,NULL,'2020-12-04 07:18:00','2020-12-04 17:10:24',45,'2',56),(872,NULL,'2020-12-04 07:18:44','2020-12-04 16:10:18',41,'2',27),(873,NULL,'2020-12-04 07:19:18','2020-12-04 17:10:50',33,'2',51),(874,NULL,'2020-12-04 07:19:35','2020-12-04 17:11:26',85,'2',34),(875,NULL,'2020-12-04 07:19:44','2020-12-04 17:10:28',56,'2',40),(876,NULL,'2020-12-04 07:19:55','2020-12-04 12:02:47',54,'2',59),(877,NULL,'2020-12-04 07:20:08','2020-12-04 17:11:21',91,'2',69),(878,NULL,'2020-12-04 07:29:38','2020-12-04 17:10:58',48,'2',53),(879,NULL,'2020-12-04 07:29:50','2020-12-04 13:18:59',31,'2',32),(880,NULL,'2020-12-04 07:29:55','2020-12-04 17:13:54',89,'2',62),(881,NULL,'2020-12-04 07:30:15','2020-12-04 17:14:50',8,'2',8),(882,NULL,'2020-12-04 07:30:49','2020-12-04 17:11:38',49,'2',36),(883,NULL,'2020-12-04 07:32:17','2020-12-04 17:10:45',44,'2',55),(884,NULL,'2020-12-04 07:33:05','2020-12-04 16:14:05',42,'2',28),(885,NULL,'2020-12-04 07:33:22','2020-12-04 17:11:42',55,'2',37),(886,NULL,'2020-12-04 07:33:26','2020-12-04 17:12:05',64,'2',44),(887,NULL,'2020-12-04 07:35:52','2020-12-04 17:10:54',34,'2',38),(888,NULL,'2020-12-04 07:35:57','2020-12-04 17:11:12',35,'2',39),(889,NULL,'2020-12-04 07:36:02','2020-12-04 17:15:08',67,'2',49),(890,NULL,'2020-12-04 07:36:19','2020-12-04 17:11:07',53,'2',57),(891,NULL,'2020-12-04 07:37:16','2020-12-04 17:12:33',11,'2',11),(892,NULL,'2020-12-04 07:37:41','2020-12-04 17:15:01',27,'2',23),(893,NULL,'2020-12-04 07:37:47','2020-12-04 10:12:05',9,'2',9),(894,NULL,'2020-12-04 07:38:30','2020-12-04 17:11:51',36,'2',61),(895,NULL,'2020-12-04 07:40:02','2020-12-04 17:18:57',68,'2',33),(896,NULL,'2020-12-04 07:40:33','2020-12-04 17:14:40',22,'2',14),(897,NULL,'2020-12-04 07:41:51','2020-12-04 16:10:23',40,'2',26),(898,NULL,'2020-12-04 07:41:57','2020-12-04 17:10:40',43,'2',45),(899,NULL,'2020-12-04 07:44:22','2020-12-04 17:12:09',10,'2',10),(900,NULL,'2020-12-04 07:45:16','2020-12-04 17:11:55',38,'2',52),(901,NULL,'2020-12-04 07:46:22','2020-12-04 17:11:03',47,'2',58),(902,NULL,'2020-12-04 07:52:01','2020-12-04 17:14:22',37,'2',41),(903,NULL,'2020-12-04 07:56:11','2020-12-04 12:03:22',21,'2',21),(904,NULL,'2020-12-04 11:52:23','2020-12-04 17:14:55',9,'2',9),(905,NULL,'2020-12-04 12:45:26','2020-12-04 13:35:22',30,'2',17),(906,NULL,'2020-12-04 13:17:16','2020-12-04 17:12:29',21,'2',21),(907,NULL,'2020-12-04 14:13:53','2020-12-04 17:13:32',30,'2',17),(908,NULL,'2020-12-05 06:54:50','2020-12-06 06:50:05',24,'2',18),(909,NULL,'2020-12-06 06:44:39','2020-12-07 07:03:32',23,'2',19),(910,NULL,'2020-12-07 06:38:01','2020-12-07 17:15:15',3,'2',2),(911,NULL,'2020-12-07 06:38:08','2020-12-07 17:13:14',29,'2',24),(912,NULL,'2020-12-07 06:38:16','2020-12-07 16:16:19',25,'2',16),(913,NULL,'2020-12-07 06:47:22','2020-12-08 07:07:47',20,'2',22),(914,NULL,'2020-12-07 06:52:54','2020-12-07 15:49:24',18,'2',20),(915,NULL,'2020-12-07 06:54:34','2020-12-07 17:11:14',32,'2',54),(916,NULL,'2020-12-07 07:05:09','2020-12-07 17:10:24',51,'2',42),(917,NULL,'2020-12-07 07:05:14','2020-12-07 17:12:13',14,'2',29),(918,NULL,'2020-12-07 07:08:25','2020-12-07 17:12:00',63,'2',50),(919,NULL,'2020-12-07 07:16:26','2020-12-07 17:11:36',54,'2',59),(920,NULL,'2020-12-07 07:17:59','2020-12-07 17:11:56',90,'2',63),(921,NULL,'2020-12-07 07:18:41','2020-12-07 17:10:32',33,'2',51),(922,NULL,'2020-12-07 07:19:21','2020-12-07 17:12:17',85,'2',34),(923,NULL,'2020-12-07 07:19:44','2020-12-07 17:12:04',4,'2',3),(924,NULL,'2020-12-07 07:20:04','2020-12-07 17:10:19',45,'2',56),(925,NULL,'2020-12-07 07:20:09','2020-12-07 17:11:08',91,'2',69),(926,NULL,'2020-12-07 07:20:36','2020-12-07 17:12:50',26,'2',12),(927,NULL,'2020-12-07 07:21:10','2020-12-07 17:10:28',56,'2',40),(928,NULL,'2020-12-07 07:25:54','2020-12-07 16:10:18',41,'2',27),(929,NULL,'2020-12-07 07:28:00','2020-12-07 17:11:03',89,'2',62),(930,NULL,'2020-12-07 07:28:27','2020-12-07 17:12:21',11,'2',11),(931,NULL,'2020-12-07 07:28:33','2020-12-07 10:24:09',48,'2',53),(932,NULL,'2020-12-07 07:29:05','2020-12-07 17:11:41',49,'2',36),(933,NULL,'2020-12-07 07:30:21','2020-12-07 17:10:42',31,'2',32),(934,NULL,'2020-12-07 07:31:25','2020-12-07 17:14:59',8,'2',8),(935,NULL,'2020-12-07 07:31:42','2020-12-07 16:10:24',40,'2',26),(936,NULL,'2020-12-07 07:31:47','2020-12-07 17:12:08',36,'2',61),(937,NULL,'2020-12-07 07:33:00','2020-12-07 17:12:00',7,'2',7),(938,NULL,'2020-12-07 07:33:32','2020-12-07 17:10:15',61,'2',35),(939,NULL,'2020-12-07 07:33:41','2020-12-07 17:11:20',52,'2',31),(940,NULL,'2020-12-07 07:34:23','2020-12-07 17:10:50',34,'2',38),(941,NULL,'2020-12-07 07:34:32','2020-12-07 17:10:55',35,'2',39),(942,NULL,'2020-12-07 07:34:45','2020-12-07 17:10:59',53,'2',57),(943,NULL,'2020-12-07 07:34:53','2020-12-07 17:10:36',43,'2',45),(944,NULL,'2020-12-07 07:35:18','2020-12-07 17:11:45',55,'2',37),(945,NULL,'2020-12-07 07:40:22','2020-12-07 16:25:56',42,'2',28),(946,NULL,'2020-12-07 07:41:43','2020-12-07 17:11:51',64,'2',44),(947,NULL,'2020-12-07 07:42:18','2020-12-07 17:19:54',27,'2',23),(948,NULL,'2020-12-07 07:42:33','2020-12-07 17:12:59',37,'2',41),(949,NULL,'2020-12-07 07:42:38','2020-12-07 17:16:52',68,'2',33),(950,NULL,'2020-12-07 07:42:53','2020-12-07 08:50:05',30,'2',17),(951,NULL,'2020-12-07 07:43:00','2020-12-07 17:11:00',5,'2',5),(952,NULL,'2020-12-07 07:43:53','2020-12-07 17:13:04',47,'2',58),(953,NULL,'2020-12-07 07:44:26','2020-12-07 13:28:58',9,'2',9),(954,NULL,'2020-12-07 07:44:51','2020-12-07 17:10:46',10,'2',10),(955,NULL,'2020-12-07 12:30:32','2020-12-07 12:41:51',17,'2',13),(956,NULL,'2020-12-07 13:30:18','2020-12-07 17:13:26',21,'2',21),(957,NULL,'2020-12-07 14:36:10','2020-12-07 17:20:02',9,'2',9),(958,NULL,'2020-12-07 17:12:41','2020-12-07 17:13:50',30,'2',17),(959,NULL,'2020-12-08 05:54:52','2020-12-08 06:03:31',90,'2',63),(960,NULL,'2020-12-08 06:37:36','2020-12-08 17:22:00',3,'2',2),(961,NULL,'2020-12-08 06:38:27','2020-12-08 17:12:33',29,'2',24),(962,NULL,'2020-12-08 06:39:19','2020-12-08 16:24:59',25,'2',16),(963,NULL,'2020-12-08 06:45:50','2020-12-08 14:35:49',18,'2',20),(964,NULL,'2020-12-08 06:47:35','2020-12-08 17:10:29',32,'2',54),(965,NULL,'2020-12-08 06:48:31','2020-12-08 17:10:00',23,'2',19),(966,NULL,'2020-12-08 07:00:27','2020-12-08 17:09:48',51,'2',42),(967,NULL,'2020-12-08 07:00:36','2020-12-08 17:11:23',14,'2',29),(968,NULL,'2020-12-08 07:03:31','2020-12-08 16:42:17',26,'2',12),(969,NULL,'2020-12-08 07:10:25','2020-12-08 17:15:34',28,'2',25),(970,NULL,'2020-12-08 07:12:31','2020-12-08 17:11:35',63,'2',50),(971,NULL,'2020-12-08 07:16:50','2020-12-08 16:10:56',41,'2',27),(972,NULL,'2020-12-08 07:17:53','2020-12-08 17:09:43',33,'2',51),(973,NULL,'2020-12-08 07:18:05','2020-12-08 17:11:49',54,'2',59),(974,NULL,'2020-12-08 07:18:44','2020-12-08 17:09:52',56,'2',40),(975,NULL,'2020-12-08 07:19:44','2020-12-08 17:15:24',8,'2',8),(976,NULL,'2020-12-08 07:20:45','2020-12-08 17:09:30',45,'2',56),(977,NULL,'2020-12-08 07:20:51','2020-12-08 17:10:37',91,'2',69),(978,NULL,'2020-12-08 07:22:43','2020-12-08 17:11:08',85,'2',34),(979,NULL,'2020-12-08 07:23:36','2020-12-08 17:10:14',46,'2',47),(980,NULL,'2020-12-08 07:23:49','2020-12-08 17:18:49',4,'2',3),(981,NULL,'2020-12-08 07:25:45','2020-12-08 17:09:39',43,'2',45),(982,NULL,'2020-12-08 07:27:52','2020-12-08 16:10:46',89,'2',62),(983,NULL,'2020-12-08 07:28:56','2020-12-08 17:11:45',49,'2',36),(984,NULL,'2020-12-08 07:29:04','2020-12-08 17:10:57',48,'2',53),(985,NULL,'2020-12-08 07:30:06','2020-12-08 08:36:16',31,'2',32),(986,NULL,'2020-12-08 07:33:05','2020-12-08 17:10:23',34,'2',38),(987,NULL,'2020-12-08 07:33:09','2020-12-08 17:11:12',35,'2',39),(988,NULL,'2020-12-08 07:33:21','2020-12-08 17:10:05',44,'2',55),(989,NULL,'2020-12-08 07:33:34','2020-12-08 17:11:17',53,'2',57),(990,NULL,'2020-12-08 07:34:16','2020-12-08 16:19:19',42,'2',28),(991,NULL,'2020-12-08 07:35:10','2020-12-08 17:18:34',5,'2',5),(992,NULL,'2020-12-08 07:35:30','2020-12-08 17:12:18',11,'2',11),(993,NULL,'2020-12-08 07:35:50','2020-12-08 17:11:27',36,'2',61),(994,NULL,'2020-12-08 07:36:16','2020-12-08 17:11:41',52,'2',31),(995,NULL,'2020-12-08 07:37:25','2020-12-08 17:05:02',27,'2',23),(996,NULL,'2020-12-08 07:37:31','2020-12-08 13:33:39',9,'2',9),(997,NULL,'2020-12-08 07:37:36','2020-12-08 17:11:31',38,'2',52),(998,NULL,'2020-12-08 07:38:53','2020-12-08 17:10:46',7,'2',7),(999,NULL,'2020-12-08 07:39:35','2020-12-08 17:09:56',61,'2',35),(1000,NULL,'2020-12-08 07:39:45','2020-12-08 17:10:00',10,'2',10),(1001,NULL,'2020-12-08 07:40:14','2020-12-08 08:36:45',30,'2',17),(1002,NULL,'2020-12-08 07:40:21','2020-12-08 17:21:34',68,'2',33),(1003,NULL,'2020-12-08 07:41:03','2020-12-08 17:10:00',55,'2',37),(1004,NULL,'2020-12-08 07:41:15','2020-12-08 17:10:53',37,'2',41),(1005,NULL,'2020-12-08 07:41:47','2020-12-08 17:12:29',22,'2',14),(1006,NULL,'2020-12-08 07:44:05','2020-12-08 16:11:01',40,'2',26),(1007,NULL,'2020-12-08 07:45:14','2020-12-08 17:10:33',47,'2',58),(1008,NULL,'2020-12-08 07:56:33','2020-12-08 11:03:12',21,'2',21),(1009,NULL,'2020-12-08 13:06:19','2020-12-08 17:14:37',21,'2',21),(1010,NULL,'2020-12-08 14:20:51','2020-12-08 17:10:00',17,'2',13),(1011,NULL,'2020-12-08 14:29:47','2020-12-08 17:18:42',9,'2',9),(1012,NULL,'2020-12-08 15:29:43','2020-12-08 17:11:01',31,'2',32),(1013,NULL,'2020-12-08 15:29:47','2020-12-08 17:14:00',30,'2',17),(1014,NULL,'2020-12-08 17:00:48','2020-12-08 17:11:53',90,'2',63),(1015,NULL,'2020-12-08 07:16:00','2020-12-08 17:16:00',64,'2',44),(1016,NULL,'2020-12-09 06:37:14','2020-12-09 17:15:11',3,'2',2),(1017,NULL,'2020-12-09 06:37:20','2020-12-09 17:13:52',29,'2',24),(1018,NULL,'2020-12-09 06:39:23','2020-12-09 16:12:20',25,'2',16),(1019,NULL,'2020-12-09 06:51:00','2020-12-09 17:11:36',14,'2',29),(1020,NULL,'2020-12-09 06:51:35','2020-12-10 06:56:21',24,'2',18),(1021,NULL,'2020-12-09 06:53:49','2020-12-09 15:49:40',18,'2',20),(1022,NULL,'2020-12-09 06:57:10','2020-12-09 17:11:17',32,'2',54),(1023,NULL,'2020-12-09 06:59:10','2020-12-09 17:10:15',51,'2',42),(1024,NULL,'2020-12-09 07:04:01','2020-12-11 06:49:08',23,'2',19),(1025,NULL,'2020-12-09 07:05:51','2020-12-09 17:13:12',28,'2',25),(1026,NULL,'2020-12-09 07:11:45','2020-12-09 17:12:26',26,'2',12),(1027,NULL,'2020-12-09 07:13:05','2020-12-09 17:11:21',91,'2',69),(1028,NULL,'2020-12-09 07:14:36','2020-12-09 17:12:34',90,'2',63),(1029,NULL,'2020-12-09 07:15:16','2020-12-09 17:12:39',63,'2',50),(1030,NULL,'2020-12-09 07:15:29','2020-12-09 16:13:16',41,'2',27),(1031,NULL,'2020-12-09 07:15:34','2020-12-09 12:26:20',4,'2',3),(1032,NULL,'2020-12-09 07:17:35','2020-12-09 17:10:32',33,'2',51),(1033,NULL,'2020-12-09 07:19:11','2020-12-09 17:12:05',54,'2',59),(1034,NULL,'2020-12-09 07:19:15','2020-12-09 17:10:37',46,'2',47),(1035,NULL,'2020-12-09 07:19:22','2020-12-09 17:11:45',85,'2',34),(1036,NULL,'2020-12-09 07:19:49','2020-12-09 17:10:19',45,'2',56),(1037,NULL,'2020-12-09 07:19:56','2020-12-09 17:10:24',56,'2',40),(1038,NULL,'2020-12-09 07:28:46','2020-12-09 17:10:41',48,'2',53),(1039,NULL,'2020-12-09 07:28:53','2020-12-09 17:12:13',49,'2',36),(1040,NULL,'2020-12-09 07:29:09','2020-12-09 17:10:52',31,'2',32),(1041,NULL,'2020-12-09 07:30:03','2020-12-09 17:10:28',43,'2',45),(1042,NULL,'2020-12-09 07:31:12','2020-12-09 17:12:48',36,'2',61),(1043,NULL,'2020-12-09 07:33:46','2020-12-09 17:11:12',34,'2',38),(1044,NULL,'2020-12-09 07:33:51','2020-12-09 17:11:50',35,'2',39),(1045,NULL,'2020-12-09 07:33:55','2020-12-09 17:11:59',53,'2',57),(1046,NULL,'2020-12-09 07:34:04','2020-12-09 16:26:09',42,'2',28),(1047,NULL,'2020-12-09 07:34:10','2020-12-09 17:13:43',22,'2',14),(1048,NULL,'2020-12-09 07:34:00','2020-12-09 17:12:00',55,'2',37),(1049,NULL,'2020-12-09 07:34:25','2020-12-09 16:11:34',89,'2',62),(1050,NULL,'2020-12-09 07:35:14','2020-12-09 17:12:30',64,'2',44),(1051,NULL,'2020-12-09 07:36:38','2020-12-09 17:12:09',52,'2',31),(1052,NULL,'2020-12-09 07:36:43','2020-12-09 17:11:26',44,'2',55),(1053,NULL,'2020-12-09 07:36:52','2020-12-09 17:12:22',11,'2',11),(1054,NULL,'2020-12-09 07:36:59','2020-12-09 17:15:37',5,'2',5),(1055,NULL,'2020-12-09 07:37:15','2020-12-09 17:18:34',68,'2',33),(1056,NULL,'2020-12-09 07:39:36','2020-12-09 17:10:11',61,'2',35),(1057,NULL,'2020-12-09 07:39:40','2020-12-09 17:11:30',7,'2',7),(1058,NULL,'2020-12-09 07:40:38','2020-12-09 16:13:23',40,'2',26),(1059,NULL,'2020-12-09 07:41:02','2020-12-09 17:12:43',38,'2',52),(1060,NULL,'2020-12-09 07:41:40','2020-12-09 17:13:39',27,'2',23),(1061,NULL,'2020-12-09 07:42:32','2020-12-09 17:13:16',8,'2',8),(1062,NULL,'2020-12-09 07:43:19','2020-12-09 17:14:19',37,'2',41),(1063,NULL,'2020-12-09 07:44:00','2020-12-09 17:11:00',47,'2',58),(1064,NULL,'2020-12-09 07:45:19','2020-12-09 17:10:56',10,'2',10),(1065,NULL,'2020-12-09 07:46:49','2020-12-09 09:32:12',9,'2',9),(1066,NULL,'2020-12-09 07:49:16','2020-12-09 08:29:01',30,'2',17),(1067,NULL,'2020-12-09 07:53:00','2020-12-09 17:15:00',21,'2',21),(1068,NULL,'2020-12-09 09:00:23','2020-12-09 13:18:31',30,'2',17),(1069,NULL,'2020-12-09 13:02:45','2020-12-09 14:49:43',17,'2',13),(1070,NULL,'2020-12-09 13:36:44','2020-12-09 17:15:17',9,'2',9),(1071,NULL,'2020-12-09 14:03:28','2020-12-09 17:13:48',30,'2',17),(1072,NULL,'2020-12-10 04:03:58','2020-12-10 15:37:07',90,'2',63),(1073,NULL,'2020-12-10 06:37:12','2020-12-10 17:16:24',3,'2',2),(1074,NULL,'2020-12-10 06:38:05','2020-12-10 17:12:46',29,'2',24),(1075,NULL,'2020-12-10 06:38:16','2020-12-10 13:10:51',25,'2',16),(1076,NULL,'2020-12-10 06:49:44','2020-12-10 17:11:07',32,'2',54),(1077,NULL,'2020-12-10 06:50:24','2020-12-10 10:13:09',20,'2',22),(1078,NULL,'2020-12-10 06:52:23','2020-12-10 15:50:29',18,'2',20),(1079,NULL,'2020-12-10 07:02:55','2020-12-10 17:11:43',14,'2',29),(1080,NULL,'2020-12-10 07:03:01','2020-12-10 17:10:37',51,'2',42),(1081,NULL,'2020-12-10 07:07:15','2020-12-10 17:14:39',28,'2',25),(1082,NULL,'2020-12-10 07:15:41','2020-12-10 17:12:29',63,'2',50),(1083,NULL,'2020-12-10 07:16:47','2020-12-10 17:12:24',4,'2',3),(1084,NULL,'2020-12-10 07:17:05','2020-12-10 17:10:27',56,'2',40),(1085,NULL,'2020-12-10 07:17:24','2020-12-10 17:10:41',33,'2',51),(1086,NULL,'2020-12-10 07:18:56','2020-12-10 17:13:04',26,'2',12),(1087,NULL,'2020-12-10 07:19:07','2020-12-10 17:11:02',46,'2',47),(1088,NULL,'2020-12-10 07:19:14','2020-12-10 17:10:22',45,'2',56),(1089,NULL,'2020-12-10 07:19:00','2020-12-10 17:12:00',85,'2',34),(1090,NULL,'2020-12-10 07:19:36','2020-12-10 17:11:30',49,'2',36),(1091,NULL,'2020-12-10 07:20:18','2020-12-10 17:11:24',54,'2',59),(1092,NULL,'2020-12-10 07:21:31','2020-12-10 17:11:11',91,'2',69),(1093,NULL,'2020-12-10 07:23:55','2020-12-10 16:12:43',41,'2',27),(1094,NULL,'2020-12-10 07:27:00','2020-12-10 17:13:00',48,'2',53),(1095,NULL,'2020-12-10 07:27:58','2020-12-10 17:11:16',31,'2',32),(1096,NULL,'2020-12-10 07:29:34','2020-12-10 17:12:18',55,'2',37),(1097,NULL,'2020-12-10 07:30:27','2020-12-10 17:11:49',8,'2',8),(1098,NULL,'2020-12-10 07:32:40','2020-12-10 17:12:37',36,'2',61),(1099,NULL,'2020-12-10 07:32:44','2020-12-10 17:11:20',52,'2',31),(1100,NULL,'2020-12-10 07:32:49','2020-12-10 17:13:42',89,'2',62),(1101,NULL,'2020-12-10 07:32:57','2020-12-10 16:20:43',42,'2',28),(1102,NULL,'2020-12-10 07:33:05','2020-12-10 17:12:51',64,'2',44),(1103,NULL,'2020-12-10 07:33:48','2020-12-10 17:10:50',34,'2',38),(1104,NULL,'2020-12-10 07:33:55','2020-12-10 17:12:11',53,'2',57),(1105,NULL,'2020-12-10 07:34:00','2020-12-10 17:11:00',44,'2',55),(1106,NULL,'2020-12-10 07:34:54','2020-12-10 17:12:42',27,'2',23),(1107,NULL,'2020-12-10 07:35:09','2020-12-10 17:14:55',5,'2',5),(1108,NULL,'2020-12-10 07:35:23','2020-12-10 12:02:54',30,'2',17),(1109,NULL,'2020-12-10 07:35:27','2020-12-10 17:12:02',11,'2',11),(1110,NULL,'2020-12-10 07:36:53','2020-12-10 17:11:53',7,'2',7),(1111,NULL,'2020-12-10 07:39:04','2020-12-10 17:10:18',43,'2',45),(1112,NULL,'2020-12-10 07:39:41','2020-12-10 17:22:34',68,'2',33),(1113,NULL,'2020-12-10 07:40:26','2020-12-10 16:12:37',40,'2',26),(1114,NULL,'2020-12-10 07:40:33','2020-12-10 17:12:33',38,'2',52),(1115,NULL,'2020-12-10 07:42:56','2020-12-10 17:11:39',10,'2',10),(1116,NULL,'2020-12-10 07:45:53','2020-12-10 17:14:45',9,'2',9),(1117,NULL,'2020-12-10 07:46:34','2020-12-10 17:13:55',37,'2',41),(1118,NULL,'2020-12-10 07:46:51','2020-12-10 17:10:46',47,'2',58),(1119,NULL,'2020-12-10 07:47:17','2020-12-10 17:10:33',61,'2',35),(1120,NULL,'2020-12-10 07:48:57','2020-12-10 17:10:56',35,'2',39),(1121,NULL,'2020-12-10 07:54:36','2020-12-10 12:02:21',21,'2',21),(1122,NULL,'2020-12-10 07:57:47','2020-12-10 17:11:35',22,'2',14),(1123,NULL,'2020-12-10 10:14:40','2020-12-11 06:55:40',20,'2',22),(1124,NULL,'2020-12-10 12:18:44','2020-12-10 15:56:16',30,'2',17),(1125,NULL,'2020-12-10 13:17:06','2020-12-10 17:15:16',21,'2',21),(1126,NULL,'2020-12-10 15:56:54','2020-12-10 16:58:39',90,'2',63),(1127,NULL,'2020-12-10 16:41:47','2020-12-10 17:13:27',30,'2',17),(1128,NULL,'2020-12-11 06:38:04','2020-12-11 17:14:16',3,'2',2),(1129,NULL,'2020-12-11 06:38:29','2020-12-11 17:14:06',29,'2',24),(1130,NULL,'2020-12-11 06:40:56','2020-12-11 15:50:34',18,'2',20),(1131,NULL,'2020-12-11 06:41:32','2020-12-11 16:11:16',25,'2',16),(1132,NULL,'2020-12-11 06:51:24','2020-12-11 08:30:34',23,'2',19),(1133,NULL,'2020-12-11 06:55:05','2020-12-11 17:11:27',32,'2',54),(1134,NULL,'2020-12-11 07:00:07','2020-12-11 12:17:19',90,'2',63),(1135,NULL,'2020-12-11 07:00:27','2020-12-11 17:10:33',51,'2',42),(1136,NULL,'2020-12-11 07:00:34','2020-12-11 17:13:02',14,'2',29),(1137,NULL,'2020-12-11 07:12:14','2020-12-11 17:10:52',33,'2',51),(1138,NULL,'2020-12-11 07:14:33','2020-12-11 17:11:36',26,'2',12),(1139,NULL,'2020-12-11 07:15:51','2020-12-11 17:13:07',63,'2',50),(1140,NULL,'2020-12-11 07:16:22','2020-12-11 17:07:57',4,'2',3),(1141,NULL,'2020-12-11 07:17:54','2020-12-11 17:13:15',46,'2',47),(1142,NULL,'2020-12-11 07:18:06','2020-12-11 17:13:29',28,'2',25),(1143,NULL,'2020-12-11 07:19:01','2020-12-11 17:10:29',45,'2',56),(1144,NULL,'2020-12-11 07:19:29','2020-12-11 17:12:08',54,'2',59),(1145,NULL,'2020-12-11 07:20:34','2020-12-11 17:12:52',85,'2',34),(1146,NULL,'2020-12-11 07:25:31','2020-12-11 17:10:42',56,'2',40),(1147,NULL,'2020-12-11 07:26:11','2020-12-11 17:12:25',49,'2',36),(1148,NULL,'2020-12-11 07:27:19','2020-12-11 17:11:09',11,'2',11),(1149,NULL,'2020-12-11 07:29:22','2020-12-11 17:11:14',31,'2',32),(1150,NULL,'2020-12-11 07:29:35','2020-12-11 17:12:37',36,'2',61),(1151,NULL,'2020-12-11 07:31:00','2020-12-11 16:22:15',42,'2',28),(1152,NULL,'2020-12-11 07:31:34','2020-12-11 17:12:58',64,'2',44),(1153,NULL,'2020-12-11 07:31:00','2020-12-11 17:12:00',89,'2',62),(1154,NULL,'2020-12-11 07:32:07','2020-12-11 17:12:16',55,'2',37),(1155,NULL,'2020-12-11 07:33:35','2020-12-11 17:11:05',48,'2',53),(1156,NULL,'2020-12-11 07:33:50','2020-12-11 13:53:05',9,'2',9),(1157,NULL,'2020-12-11 07:34:14','2020-12-11 17:13:11',27,'2',23),(1158,NULL,'2020-12-11 07:35:51','2020-12-11 17:11:22',34,'2',38),(1159,NULL,'2020-12-11 07:35:56','2020-12-11 17:12:45',37,'2',41),(1160,NULL,'2020-12-11 07:36:11','2020-12-11 17:11:40',35,'2',39),(1161,NULL,'2020-12-11 07:36:15','2020-12-11 17:12:04',53,'2',57),(1162,NULL,'2020-12-11 07:37:05','2020-12-11 17:10:25',43,'2',45),(1163,NULL,'2020-12-11 07:38:27','2020-12-11 17:12:12',52,'2',31),(1164,NULL,'2020-12-11 07:38:40','2020-12-11 17:10:48',44,'2',55),(1165,NULL,'2020-12-11 07:39:35','2020-12-11 10:13:47',30,'2',17),(1166,NULL,'2020-12-11 07:40:03','2020-12-11 17:13:24',5,'2',5),(1167,NULL,'2020-12-11 07:41:13','2020-12-11 17:12:41',38,'2',52),(1168,NULL,'2020-12-11 07:41:41','2020-12-11 17:16:55',68,'2',33),(1169,NULL,'2020-12-11 07:42:02','2020-12-11 17:13:41',22,'2',14),(1170,NULL,'2020-12-11 07:42:00','2020-12-11 17:11:00',61,'2',35),(1171,NULL,'2020-12-11 07:42:38','2020-12-11 13:53:10',7,'2',7),(1172,NULL,'2020-12-11 07:43:58','2020-12-11 17:10:37',10,'2',10),(1173,NULL,'2020-12-11 07:44:10','2020-12-11 16:12:59',40,'2',26),(1174,NULL,'2020-12-11 07:45:03','2020-12-11 17:11:01',47,'2',58),(1175,NULL,'2020-12-11 07:47:45','2020-12-11 17:10:57',8,'2',8),(1176,NULL,'2020-12-11 07:55:58','2020-12-11 12:02:06',21,'2',21),(1177,NULL,'2020-12-11 08:46:57','2020-12-11 17:12:32',41,'2',27),(1178,NULL,'2020-12-11 09:43:28','2020-12-11 17:11:32',91,'2',69),(1179,NULL,'2020-12-11 10:50:01','2020-12-11 11:20:30',17,'2',13),(1180,NULL,'2020-12-11 11:01:10','2020-12-11 15:50:08',30,'2',17),(1181,NULL,'2020-12-11 13:09:39','2020-12-11 17:13:45',21,'2',21),(1182,NULL,'2020-12-11 14:57:18','2020-12-11 17:13:57',9,'2',9),(1183,NULL,'2020-12-11 16:59:08','2020-12-11 17:17:50',30,'2',17),(1184,NULL,'2020-12-11 17:08:19','2020-12-11 17:14:50',101,'2',70),(1185,NULL,'2020-12-11 17:11:00','2020-12-11 17:28:00',7,'2',7),(1186,NULL,'2020-12-12 06:53:17','2020-12-12 06:54:40',24,'2',18),(1187,NULL,'2020-12-12 07:27:39','2020-12-14 06:40:07',23,'2',19),(1188,NULL,'2020-12-13 06:57:55','2020-12-13 12:03:16',20,'2',22),(1189,NULL,'2020-12-13 07:02:04','2020-12-15 06:58:34',24,'2',18),(1190,NULL,'2020-12-13 12:30:11','2020-12-14 07:17:35',20,'2',22),(1191,NULL,'2020-12-14 06:41:41','2020-12-14 17:17:34',3,'2',2),(1192,NULL,'2020-12-14 06:41:51','2020-12-14 17:14:51',29,'2',24),(1193,NULL,'2020-12-14 06:41:57','2020-12-14 16:13:49',25,'2',16),(1194,NULL,'2020-12-14 06:45:08','2020-12-14 15:50:11',18,'2',20),(1195,NULL,'2020-12-14 06:47:41','2020-12-15 07:02:48',23,'2',19),(1196,NULL,'2020-12-14 06:59:23','2020-12-14 17:10:07',51,'2',42),(1197,NULL,'2020-12-14 06:59:28','2020-12-14 17:10:43',14,'2',29),(1198,NULL,'2020-12-14 07:02:46','2020-12-14 17:10:46',32,'2',54),(1199,NULL,'2020-12-14 07:13:59','2020-12-14 17:11:40',4,'2',3),(1200,NULL,'2020-12-14 07:17:04','2020-12-14 17:11:26',85,'2',34),(1201,NULL,'2020-12-14 07:17:43','2020-12-14 17:10:25',63,'2',50),(1202,NULL,'2020-12-14 07:17:50','2020-12-14 17:09:45',60,'2',30),(1203,NULL,'2020-12-14 07:18:32','2020-12-14 17:14:47',28,'2',25),(1204,NULL,'2020-12-14 07:19:27','2020-12-14 17:10:16',56,'2',40),(1205,NULL,'2020-12-14 07:19:50','2020-12-14 17:09:55',45,'2',56),(1206,NULL,'2020-12-14 07:21:09','2020-12-14 17:11:14',54,'2',59),(1207,NULL,'2020-12-14 07:21:30','2020-12-14 17:12:36',26,'2',12),(1208,NULL,'2020-12-14 07:23:17','2020-12-14 16:09:44',40,'2',26),(1209,NULL,'2020-12-14 07:26:59','2020-12-14 16:46:36',42,'2',28),(1210,NULL,'2020-12-14 07:27:14','2020-12-14 17:10:53',91,'2',69),(1211,NULL,'2020-12-14 07:27:36','2020-12-14 13:00:01',39,'2',43),(1212,NULL,'2020-12-14 07:27:40','2020-12-14 17:12:52',33,'2',51),(1213,NULL,'2020-12-14 07:27:47','2020-12-14 17:10:39',49,'2',36),(1214,NULL,'2020-12-14 07:27:52','2020-12-14 13:10:33',31,'2',32),(1215,NULL,'2020-12-14 07:28:34','2020-12-14 17:13:27',64,'2',44),(1216,NULL,'2020-12-14 07:28:00','2020-12-15 17:10:00',90,'2',63),(1217,NULL,'2020-12-14 07:29:57','2020-12-14 17:09:59',46,'2',47),(1218,NULL,'2020-12-14 07:31:53','2020-12-14 17:13:24',8,'2',8),(1219,NULL,'2020-12-14 07:32:15','2020-12-14 17:14:05',89,'2',62),(1220,NULL,'2020-12-14 07:33:05','2020-12-14 17:13:16',101,'2',70),(1221,NULL,'2020-12-14 07:33:54','2020-12-14 17:10:22',44,'2',55),(1222,NULL,'2020-12-14 07:34:00','2020-12-14 16:09:49',41,'2',27),(1223,NULL,'2020-12-14 07:34:33','2020-12-14 17:10:11',34,'2',38),(1224,NULL,'2020-12-14 07:34:38','2020-12-14 17:11:07',35,'2',39),(1225,NULL,'2020-12-14 07:34:45','2020-12-14 17:11:04',53,'2',57),(1226,NULL,'2020-12-14 07:35:30','2020-12-14 10:59:06',9,'2',9),(1227,NULL,'2020-12-14 07:35:35','2020-12-14 17:10:28',36,'2',61),(1228,NULL,'2020-12-14 07:36:02','2020-12-14 17:11:22',7,'2',7),(1229,NULL,'2020-12-14 07:36:30','2020-12-14 17:11:32',5,'2',5),(1230,NULL,'2020-12-14 07:36:46','2020-12-14 17:12:40',11,'2',11),(1231,NULL,'2020-12-14 07:38:09','2020-12-14 17:11:36',55,'2',37),(1232,NULL,'2020-12-14 07:38:57','2020-12-14 17:11:17',52,'2',31),(1233,NULL,'2020-12-14 07:39:18','2020-12-14 17:09:51',61,'2',35),(1234,NULL,'2020-12-14 07:39:47','2020-12-14 17:22:49',68,'2',33),(1235,NULL,'2020-12-14 07:40:39','2020-12-14 17:12:43',37,'2',41),(1236,NULL,'2020-12-14 07:41:16','2020-12-14 17:10:34',38,'2',52),(1237,NULL,'2020-12-14 07:41:43','2020-12-14 17:14:39',22,'2',14),(1238,NULL,'2020-12-14 07:43:05','2020-12-14 17:12:56',27,'2',23),(1239,NULL,'2020-12-14 07:43:45','2020-12-14 17:10:56',10,'2',10),(1240,NULL,'2020-12-14 07:44:32','2020-12-14 17:10:19',47,'2',58),(1241,NULL,'2020-12-14 07:55:48','2020-12-14 12:05:59',21,'2',21),(1242,NULL,'2020-12-14 09:10:20','2020-12-14 17:10:03',43,'2',45),(1243,NULL,'2020-12-14 13:11:04','2020-12-14 17:14:42',30,'2',17),(1244,NULL,'2020-12-14 13:17:04','2020-12-14 17:13:45',21,'2',21),(1245,NULL,'2020-12-14 13:27:30','2020-12-14 17:12:48',39,'2',43),(1246,NULL,'2020-12-14 14:47:05','2020-12-14 17:11:47',31,'2',32),(1247,NULL,'2020-12-14 16:06:17','2020-12-14 17:11:01',9,'2',9),(1248,NULL,'2020-12-15 06:37:11','2020-12-15 17:20:20',3,'2',2),(1249,NULL,'2020-12-15 06:37:28','2020-12-15 10:16:02',18,'2',20),(1250,NULL,'2020-12-15 06:37:54','2020-12-15 17:15:24',29,'2',24),(1251,NULL,'2020-12-15 06:43:26','2020-12-15 16:25:47',25,'2',16),(1252,NULL,'2020-12-15 06:49:12','2020-12-15 17:11:03',32,'2',54),(1253,NULL,'2020-12-15 06:59:31','2020-12-15 17:10:22',51,'2',42),(1254,NULL,'2020-12-15 06:59:36','2020-12-15 17:11:22',14,'2',29),(1255,NULL,'2020-12-15 07:00:45','2020-12-15 17:15:04',8,'2',8),(1256,NULL,'2020-12-15 07:12:38','2020-12-15 17:12:04',85,'2',34),(1257,NULL,'2020-12-15 07:13:11','2020-12-15 17:12:01',63,'2',50),(1258,NULL,'2020-12-15 07:15:10','2020-12-15 17:15:30',28,'2',25),(1259,NULL,'2020-12-15 07:17:31','2020-12-15 16:09:41',41,'2',27),(1260,NULL,'2020-12-15 07:17:36','2020-12-15 17:10:38',54,'2',59),(1261,NULL,'2020-12-15 07:19:14','2020-12-15 17:10:25',56,'2',40),(1262,NULL,'2020-12-15 07:19:29','2020-12-15 17:11:07',91,'2',69),(1263,NULL,'2020-12-15 07:21:01','2020-12-15 17:11:10',46,'2',47),(1264,NULL,'2020-12-15 07:21:08','2020-12-15 17:11:30',4,'2',3),(1265,NULL,'2020-12-15 07:21:15','2020-12-15 17:10:19',45,'2',56),(1266,NULL,'2020-12-15 07:23:09','2020-12-15 17:13:03',26,'2',12),(1267,NULL,'2020-12-15 07:24:56','2020-12-15 17:13:38',33,'2',51),(1268,NULL,'2020-12-15 07:25:02','2020-12-15 10:20:42',39,'2',43),(1269,NULL,'2020-12-15 07:26:18','2020-12-15 17:11:34',11,'2',11),(1270,NULL,'2020-12-15 07:27:32','2020-12-15 17:11:17',31,'2',32),(1271,NULL,'2020-12-15 07:27:47','2020-12-15 16:28:42',42,'2',28),(1272,NULL,'2020-12-15 07:28:04','2020-12-15 17:11:39',64,'2',44),(1273,NULL,'2020-12-15 07:28:30','2020-12-15 17:10:45',49,'2',36),(1274,NULL,'2020-12-15 07:28:40','2020-12-15 16:10:59',89,'2',62),(1275,NULL,'2020-12-15 07:30:26','2020-12-15 17:10:52',55,'2',37),(1276,NULL,'2020-12-15 07:32:50','2020-12-15 17:14:49',101,'2',70),(1277,NULL,'2020-12-15 07:33:00','2020-12-15 12:05:00',61,'2',35),(1278,NULL,'2020-12-15 07:33:52','2020-12-15 17:10:58',34,'2',38),(1279,NULL,'2020-12-15 07:34:00','2020-12-15 17:11:51',35,'2',39),(1280,NULL,'2020-12-15 07:34:04','2020-12-15 17:12:19',36,'2',61),(1281,NULL,'2020-12-15 07:34:34','2020-12-15 17:11:44',53,'2',57),(1282,NULL,'2020-12-15 07:35:21','2020-12-15 17:10:48',44,'2',55),(1283,NULL,'2020-12-15 07:35:54','2020-12-15 17:12:08',7,'2',7),(1284,NULL,'2020-12-15 07:36:00','2020-12-15 17:10:28',52,'2',31),(1285,NULL,'2020-12-15 07:36:17','2020-12-15 17:10:16',43,'2',45),(1286,NULL,'2020-12-15 07:36:23','2020-12-15 16:10:21',40,'2',26),(1287,NULL,'2020-12-15 07:36:28','2020-12-15 17:12:31',22,'2',14),(1288,NULL,'2020-12-15 07:39:03','2020-12-15 17:12:28',9,'2',9),(1289,NULL,'2020-12-15 07:39:12','2020-12-15 17:23:48',68,'2',33),(1290,NULL,'2020-12-15 07:42:36','2020-12-15 17:11:54',37,'2',41),(1291,NULL,'2020-12-15 07:42:29','2020-12-15 17:11:58',38,'2',52),(1292,NULL,'2020-12-15 07:42:52','2020-12-15 17:12:22',27,'2',23),(1293,NULL,'2020-12-15 07:45:05','2020-12-15 17:10:55',10,'2',10),(1294,NULL,'2020-12-15 07:45:39','2020-12-15 17:11:26',5,'2',5),(1295,NULL,'2020-12-15 07:47:49','2020-12-15 17:10:31',47,'2',58),(1296,NULL,'2020-12-15 07:56:09','2020-12-15 12:02:52',21,'2',21),(1297,NULL,'2020-12-15 10:47:41','2020-12-15 17:13:44',30,'2',17),(1298,NULL,'2020-12-15 13:02:22','2020-12-15 17:14:31',21,'2',21),(1299,NULL,'2020-12-15 15:05:31','2020-12-15 17:13:28',39,'2',43),(1300,NULL,'2020-12-15 17:15:00','2020-12-15 17:23:00',30,'2',17),(1301,NULL,'2020-12-16 06:38:16','2020-12-16 16:25:47',25,'2',16),(1302,NULL,'2020-12-16 06:40:33','2020-12-16 17:19:36',3,'2',2),(1303,NULL,'2020-12-16 06:40:47','2020-12-16 17:19:22',29,'2',24),(1304,NULL,'2020-12-16 06:49:29','2020-12-17 07:07:53',20,'2',22),(1305,NULL,'2020-12-16 06:51:16','2020-12-16 15:44:29',18,'2',20),(1306,NULL,'2020-12-16 06:55:05','2020-12-16 17:11:02',32,'2',54),(1307,NULL,'2020-12-16 06:59:54','2020-12-16 07:01:15',24,'2',18),(1308,NULL,'2020-12-16 06:59:26','2020-12-16 17:10:26',51,'2',42),(1309,NULL,'2020-12-16 06:59:33','2020-12-16 17:11:24',14,'2',29),(1310,NULL,'2020-12-16 07:10:53','2020-12-16 17:19:25',28,'2',25),(1311,NULL,'2020-12-16 07:14:00','2020-12-16 17:11:54',4,'2',3),(1312,NULL,'2020-12-16 07:14:11','2020-12-16 17:11:49',85,'2',34),(1313,NULL,'2020-12-16 07:16:34','2020-12-16 17:11:43',26,'2',12),(1314,NULL,'2020-12-16 07:17:23','2020-12-16 17:10:35',46,'2',47),(1315,NULL,'2020-12-16 07:17:47','2020-12-16 17:10:59',54,'2',59),(1316,NULL,'2020-12-16 07:18:30','2020-12-16 17:11:06',91,'2',69),(1317,NULL,'2020-12-16 07:20:00','2020-12-16 17:11:46',63,'2',50),(1318,NULL,'2020-12-16 07:21:26','2020-12-16 17:10:23',43,'2',45),(1319,NULL,'2020-12-16 07:21:30','2020-12-16 16:08:22',40,'2',26),(1320,NULL,'2020-12-16 07:21:36','2020-12-16 17:10:16',45,'2',56),(1321,NULL,'2020-12-16 07:21:56','2020-12-16 17:10:29',56,'2',40),(1322,NULL,'2020-12-16 07:22:06','2020-12-16 09:11:22',39,'2',43),(1323,NULL,'2020-12-16 07:22:11','2020-12-16 17:13:33',33,'2',51),(1324,NULL,'2020-12-16 07:25:43','2020-12-16 16:11:10',89,'2',62),(1325,NULL,'2020-12-16 07:27:31','2020-12-16 17:11:19',49,'2',36),(1326,NULL,'2020-12-16 07:27:38','2020-12-16 16:08:09',41,'2',27),(1327,NULL,'2020-12-16 07:28:00','2020-12-16 17:11:30',31,'2',32),(1328,NULL,'2020-12-16 07:30:59','2020-12-16 17:16:28',30,'2',17),(1329,NULL,'2020-12-16 07:32:11','2020-12-16 17:13:20',8,'2',8),(1330,NULL,'2020-12-16 07:33:41','2020-12-16 17:10:54',34,'2',38),(1331,NULL,'2020-12-16 07:33:45','2020-12-16 17:10:41',35,'2',39),(1332,NULL,'2020-12-16 07:34:04','2020-12-16 17:10:46',53,'2',57),(1333,NULL,'2020-12-16 07:34:34','2020-12-16 16:34:00',42,'2',28),(1334,NULL,'2020-12-16 07:35:11','2020-12-16 17:12:52',101,'2',70),(1335,NULL,'2020-12-16 07:35:15','2020-12-16 17:11:39',64,'2',44),(1336,NULL,'2020-12-16 07:35:19','2020-12-16 17:11:10',55,'2',37),(1337,NULL,'2020-12-16 07:35:00','2020-12-16 17:11:00',44,'2',55),(1338,NULL,'2020-12-16 07:36:53','2020-12-16 17:11:35',36,'2',61),(1339,NULL,'2020-12-16 07:37:45','2020-12-16 17:19:19',22,'2',14),(1340,NULL,'2020-12-16 07:39:06','2020-12-16 17:11:14',52,'2',31),(1341,NULL,'2020-12-16 07:40:54','2020-12-16 17:24:03',68,'2',33),(1342,NULL,'2020-12-16 07:41:16','2020-12-16 17:10:49',7,'2',7),(1343,NULL,'2020-12-16 07:42:49','2020-12-16 11:45:09',6,'2',6),(1344,NULL,'2020-12-16 07:42:54','2020-12-16 17:12:55',37,'2',41),(1345,NULL,'2020-12-16 07:43:16','2020-12-16 17:11:27',38,'2',52),(1346,NULL,'2020-12-16 07:43:38','2020-12-16 17:13:00',9,'2',9),(1347,NULL,'2020-12-16 07:43:44','2020-12-16 17:11:59',10,'2',10),(1348,NULL,'2020-12-16 07:44:23','2020-12-16 17:13:15',5,'2',5),(1349,NULL,'2020-12-16 07:44:27','2020-12-16 17:13:23',11,'2',11),(1350,NULL,'2020-12-16 07:44:32','2020-12-16 17:13:04',27,'2',23),(1351,NULL,'2020-12-16 07:44:51','2020-12-16 17:10:20',61,'2',35),(1352,NULL,'2020-12-16 07:46:23','2020-12-16 17:10:38',47,'2',58),(1353,NULL,'2020-12-16 07:57:07','2020-12-16 12:03:56',21,'2',21),(1354,NULL,'2020-12-16 13:23:10','2020-12-16 17:15:20',21,'2',21),(1355,NULL,'2020-12-16 13:30:53','2020-12-16 17:13:30',39,'2',43),(1356,NULL,'2020-12-16 16:24:03','2020-12-16 16:27:31',6,'2',6),(1357,NULL,'2020-12-16 18:06:02','2020-12-16 19:00:20',6,'2',6),(1358,NULL,'2020-12-17 06:37:04','2020-12-17 17:18:42',3,'2',2),(1359,NULL,'2020-12-17 06:37:40','2020-12-17 17:18:58',29,'2',24),(1360,NULL,'2020-12-17 06:37:49','2020-12-17 13:15:12',25,'2',16),(1361,NULL,'2020-12-17 06:40:02','2020-12-17 17:16:00',6,'2',6),(1362,NULL,'2020-12-17 06:43:12','2020-12-17 15:51:02',18,'2',20),(1363,NULL,'2020-12-17 06:46:49','2020-12-17 17:10:38',32,'2',54),(1364,NULL,'2020-12-17 06:59:10','2020-12-17 17:58:22',8,'2',8),(1365,NULL,'2020-12-17 07:01:18','2020-12-17 17:10:31',51,'2',42),(1366,NULL,'2020-12-17 07:01:00','2020-12-17 17:13:00',14,'2',29),(1367,NULL,'2020-12-17 07:14:00','2020-12-17 17:14:00',26,'2',12),(1368,NULL,'2020-12-17 07:14:00','2020-12-17 17:14:00',63,'2',50),(1369,NULL,'2020-12-17 07:15:50','2020-12-17 17:18:49',28,'2',25),(1370,NULL,'2020-12-17 07:15:55','2020-12-17 17:10:50',46,'2',47),(1371,NULL,'2020-12-17 07:16:39','2020-12-17 17:11:08',54,'2',59),(1372,NULL,'2020-12-17 07:16:00','2020-12-17 17:11:00',85,'2',34),(1373,NULL,'2020-12-17 07:18:05','2020-12-17 17:10:17',45,'2',56),(1374,NULL,'2020-12-17 07:18:11','2020-12-17 17:10:24',56,'2',40),(1375,NULL,'2020-12-17 07:18:16','2020-12-17 16:09:16',41,'2',27),(1376,NULL,'2020-12-17 07:19:00','2020-12-17 17:11:00',33,'2',51),(1377,NULL,'2020-12-17 07:19:21','2020-12-17 12:42:49',39,'2',43),(1378,NULL,'2020-12-17 07:19:59','2020-12-17 17:10:47',91,'2',69),(1379,NULL,'2020-12-17 07:20:51','2020-12-17 17:15:48',4,'2',3),(1380,NULL,'2020-12-17 07:27:31','2020-12-17 17:11:18',49,'2',36),(1381,NULL,'2020-12-17 07:27:55','2020-12-17 17:16:29',11,'2',11),(1382,NULL,'2020-12-17 07:28:54','2020-12-17 16:09:35',89,'2',62),(1383,NULL,'2020-12-17 07:29:02','2020-12-17 17:10:57',31,'2',32),(1384,NULL,'2020-12-17 07:29:07','2020-12-17 17:10:20',43,'2',45),(1385,NULL,'2020-12-17 07:29:13','2020-12-17 16:09:23',40,'2',26),(1386,NULL,'2020-12-17 07:32:00','2020-12-17 17:15:00',36,'2',61),(1387,NULL,'2020-12-17 07:34:00','2020-12-17 17:10:42',34,'2',38),(1388,NULL,'2020-12-17 07:34:00','2020-12-17 17:13:00',35,'2',39),(1389,NULL,'2020-12-17 07:34:00','2020-12-17 17:12:00',53,'2',57),(1390,NULL,'2020-12-17 07:34:29','2020-12-17 16:43:46',42,'2',28),(1391,NULL,'2020-12-17 07:35:00','2020-12-17 17:11:00',101,'2',70),(1392,NULL,'2020-12-17 07:35:50','2020-12-17 17:11:32',64,'2',44),(1393,NULL,'2020-12-17 07:36:20','2020-12-17 17:11:15',55,'2',37),(1394,NULL,'2020-12-17 07:37:55','2020-12-17 17:11:11',52,'2',31),(1395,NULL,'2020-12-17 07:38:13','2020-12-17 17:10:34',44,'2',55),(1396,NULL,'2020-12-17 07:39:32','2020-12-17 17:19:43',68,'2',33),(1397,NULL,'2020-12-17 07:40:16','2020-12-17 13:15:00',9,'2',9),(1398,NULL,'2020-12-17 07:40:22','2020-12-17 17:18:19',5,'2',5),(1399,NULL,'2020-12-17 07:41:10','2020-12-17 17:10:53',7,'2',7),(1400,NULL,'2020-12-17 07:41:38','2020-12-17 17:17:12',10,'2',10),(1401,NULL,'2020-12-17 07:42:00','2020-12-17 17:11:00',38,'2',52),(1402,NULL,'2020-12-17 07:42:58','2020-12-17 17:11:21',27,'2',23),(1403,NULL,'2020-12-17 07:44:35','2020-12-17 17:16:34',22,'2',14),(1404,NULL,'2020-12-17 07:45:00','2020-12-17 17:11:00',47,'2',58),(1405,NULL,'2020-12-17 07:48:18','2020-12-17 17:10:09',61,'2',35),(1406,NULL,'2020-12-17 07:50:00','2020-12-17 17:11:00',37,'2',41),(1407,NULL,'2020-12-17 07:54:20','2020-12-17 12:05:42',21,'2',21),(1408,NULL,'2020-12-17 13:06:35','2020-12-17 17:15:15',21,'2',21),(1409,NULL,'2020-12-17 14:50:00','2020-12-17 17:15:00',39,'2',43),(1410,NULL,'2020-12-17 16:15:52','2020-12-17 17:15:22',9,'2',9),(1411,NULL,'2020-12-17 17:11:00','2020-12-17 17:24:00',30,'2',17),(1412,NULL,'2020-12-18 04:49:30','2020-12-18 04:58:10',90,'2',63),(1413,NULL,'2020-12-18 05:36:24','2020-12-18 17:17:37',29,'2',24),(1414,NULL,'2020-12-18 06:41:26','2020-12-18 16:12:39',25,'2',16),(1415,NULL,'2020-12-18 06:44:41','2020-12-18 15:50:57',18,'2',20),(1416,NULL,'2020-12-18 07:00:14','2020-12-18 17:18:31',3,'2',2),(1417,NULL,'2020-12-18 07:00:24','2020-12-18 17:17:24',28,'2',25),(1418,NULL,'2020-12-18 07:00:31','2020-12-18 17:11:38',32,'2',54),(1419,NULL,'2020-12-18 07:03:40','2020-12-18 17:10:27',51,'2',42),(1420,NULL,'2020-12-18 07:03:46','2020-12-18 17:12:03',14,'2',29),(1421,NULL,'2020-12-18 07:04:19','2020-12-20 06:48:14',23,'2',19),(1422,NULL,'2020-12-18 07:09:39','2020-12-18 12:11:50',26,'2',12),(1423,NULL,'2020-12-18 07:09:53','2020-12-18 17:12:09',85,'2',34),(1424,NULL,'2020-12-18 07:15:48','2020-12-18 17:11:52',91,'2',69),(1425,NULL,'2020-12-18 07:17:35','2020-12-18 16:11:20',41,'2',27),(1426,NULL,'2020-12-18 07:17:49','2020-12-18 17:10:38',45,'2',56),(1427,NULL,'2020-12-18 07:18:54','2020-12-18 17:11:24',54,'2',59),(1428,NULL,'2020-12-18 07:19:47','2020-12-18 17:10:53',56,'2',40),(1429,NULL,'2020-12-18 07:20:11','2020-12-18 17:11:12',63,'2',50),(1430,NULL,'2020-12-18 07:20:45','2020-12-18 17:12:29',4,'2',3),(1431,NULL,'2020-12-18 07:20:49','2020-12-18 11:28:00',39,'2',43),(1432,NULL,'2020-12-18 07:20:53','2020-12-18 17:14:05',33,'2',51),(1433,NULL,'2020-12-18 07:26:14','2020-12-18 16:11:33',89,'2',62),(1434,NULL,'2020-12-18 07:27:06','2020-12-18 17:11:09',55,'2',37),(1435,NULL,'2020-12-18 07:27:14','2020-12-18 17:11:49',31,'2',32),(1436,NULL,'2020-12-18 07:28:29','2020-12-18 17:11:05',46,'2',47),(1437,NULL,'2020-12-18 07:28:34','2020-12-18 17:11:16',49,'2',36),(1438,NULL,'2020-12-18 07:29:41','2020-12-18 17:30:21',8,'2',8),(1439,NULL,'2020-12-18 07:30:16','2020-12-18 17:10:48',43,'2',45),(1440,NULL,'2020-12-18 07:31:02','2020-12-18 17:14:27',30,'2',17),(1441,NULL,'2020-12-18 07:33:02','2020-12-18 17:16:01',7,'2',7),(1442,NULL,'2020-12-18 07:34:58','2020-12-18 17:11:42',34,'2',38),(1443,NULL,'2020-12-18 07:35:02','2020-12-18 17:11:59',35,'2',39),(1444,NULL,'2020-12-18 07:35:05','2020-12-18 17:11:34',36,'2',61),(1445,NULL,'2020-12-18 07:35:09','2020-12-18 12:31:54',53,'2',57),(1446,NULL,'2020-12-18 07:35:39','2020-12-18 17:11:55',64,'2',44),(1447,NULL,'2020-12-18 07:37:05','2020-12-18 17:12:35',101,'2',70),(1448,NULL,'2020-12-18 07:37:32','2020-12-18 17:11:21',52,'2',31),(1449,NULL,'2020-12-18 07:37:58','2020-12-18 17:13:56',5,'2',5),(1450,NULL,'2020-12-18 07:38:10','2020-12-18 17:15:07',11,'2',11),(1451,NULL,'2020-12-18 07:39:14','2020-12-18 17:10:56',44,'2',55),(1452,NULL,'2020-12-18 07:40:32','2020-12-18 17:12:44',27,'2',23),(1453,NULL,'2020-12-18 07:41:38','2020-12-18 16:09:36',40,'2',26),(1454,NULL,'2020-12-18 07:41:45','2020-12-18 17:11:28',38,'2',52),(1455,NULL,'2020-12-18 07:41:50','2020-12-18 10:27:50',6,'2',6),(1456,NULL,'2020-12-18 07:42:41','2020-12-18 17:29:26',9,'2',9),(1457,NULL,'2020-12-18 07:42:49','2020-12-18 17:10:45',61,'2',35),(1458,NULL,'2020-12-18 07:42:52','2020-12-18 17:11:00',10,'2',10),(1459,NULL,'2020-12-18 07:43:22','2020-12-18 17:19:09',68,'2',33),(1460,NULL,'2020-12-18 07:45:15','2020-12-18 17:17:28',22,'2',14),(1461,NULL,'2020-12-18 07:46:28','2020-12-18 17:12:06',47,'2',58),(1462,NULL,'2020-12-18 07:49:19','2020-12-18 17:11:31',37,'2',41),(1463,NULL,'2020-12-18 07:54:24','2020-12-18 17:14:35',21,'2',21),(1464,NULL,'2020-12-18 11:30:59','2020-12-18 17:26:29',6,'2',6),(1465,NULL,'2020-12-18 12:20:12','2020-12-18 17:12:51',26,'2',12),(1466,NULL,'2020-12-18 13:35:40','2020-12-19 07:09:43',20,'2',22),(1467,NULL,'2020-12-18 13:49:58','2020-12-18 17:14:01',39,'2',43),(1468,NULL,'2020-12-18 14:29:53','2020-12-18 16:44:41',17,'2',13),(1469,NULL,'2020-12-18 17:52:49','2020-12-18 17:54:10',90,'2',63),(1470,NULL,'2020-12-19 07:02:44','2020-12-20 07:02:10',24,'2',18),(1471,NULL,'2020-12-20 07:13:01','2020-12-21 06:57:45',23,'2',19),(1472,NULL,'2020-12-21 06:37:50','2020-12-21 16:16:49',25,'2',16),(1473,NULL,'2020-12-21 06:38:45','2020-12-21 17:16:12',3,'2',2),(1474,NULL,'2020-12-21 06:39:00','2020-12-21 17:17:00',29,'2',24),(1475,NULL,'2020-12-21 06:43:34','2020-12-21 15:45:38',18,'2',20),(1476,NULL,'2020-12-21 06:49:00','2020-12-21 17:17:00',24,'2',18),(1477,NULL,'2020-12-21 06:57:00','2020-12-21 17:17:00',32,'2',54),(1478,NULL,'2020-12-21 07:03:27','2020-12-21 17:10:14',51,'2',42),(1479,NULL,'2020-12-21 07:06:00','2020-12-21 17:17:00',14,'2',29),(1480,NULL,'2020-12-21 07:16:16','2020-12-21 07:46:38',26,'2',12),(1481,NULL,'2020-12-21 07:16:46','2020-12-21 17:16:21',4,'2',3),(1482,NULL,'2020-12-21 07:17:00','2020-12-21 17:18:00',8,'2',8),(1483,NULL,'2020-12-21 07:17:00','2020-12-21 17:18:00',90,'2',63),(1484,NULL,'2020-12-21 07:19:00','2020-12-21 17:18:00',33,'2',51),(1485,NULL,'2020-12-21 07:19:11','2020-12-21 10:17:04',39,'2',43),(1486,NULL,'2020-12-21 07:19:00','2020-12-21 17:18:00',45,'2',56),(1487,NULL,'2020-12-21 07:20:00','2020-12-21 17:18:00',85,'2',34),(1488,NULL,'2020-12-21 07:20:00','2020-12-21 17:19:00',54,'2',59),(1489,NULL,'2020-12-21 07:22:00','2020-12-21 17:19:00',91,'2',69),(1490,NULL,'2020-12-21 07:22:00','2020-12-21 17:19:00',56,'2',40),(1491,NULL,'2020-12-21 07:26:00','2020-12-21 17:19:00',63,'2',50),(1492,NULL,'2020-12-21 07:27:31','2020-12-21 08:20:56',46,'2',47),(1493,NULL,'2020-12-21 07:29:02','2020-12-21 16:10:29',89,'2',62),(1494,NULL,'2020-12-21 07:29:00','2020-12-21 17:22:00',48,'2',53),(1495,NULL,'2020-12-21 07:29:36','2020-12-21 08:35:20',31,'2',32),(1496,NULL,'2020-12-21 07:30:00','2020-12-21 17:22:00',49,'2',36),(1497,NULL,'2020-12-21 07:33:14','2020-12-21 16:11:05',40,'2',26),(1498,NULL,'2020-12-21 07:33:00','2020-12-21 17:19:00',55,'2',37),(1499,NULL,'2020-12-21 07:34:00','2020-12-21 17:17:00',34,'2',38),(1500,NULL,'2020-12-21 07:35:00','2020-12-21 17:13:00',35,'2',39),(1501,NULL,'2020-12-21 07:35:00','2020-12-21 17:13:00',53,'2',57),(1502,NULL,'2020-12-21 07:36:00','2020-12-21 17:14:00',36,'2',61),(1503,NULL,'2020-12-21 07:38:03','2020-12-21 17:17:53',5,'2',5),(1504,NULL,'2020-12-21 07:38:00','2020-12-21 17:13:00',11,'2',11),(1505,NULL,'2020-12-21 07:40:00','2020-12-21 17:13:00',52,'2',31),(1506,NULL,'2020-12-21 07:39:00','2020-12-21 17:13:00',101,'2',70),(1507,NULL,'2020-12-21 07:40:46','2020-12-21 17:15:46',27,'2',23),(1508,NULL,'2020-12-21 07:40:57','2020-12-21 17:15:31',9,'2',9),(1509,NULL,'2020-12-21 07:41:12','2020-12-21 16:10:49',42,'2',28),(1510,NULL,'2020-12-21 07:41:00','2020-12-21 17:13:00',64,'2',44),(1511,NULL,'2020-12-21 07:42:21','2020-12-21 17:16:02',30,'2',17),(1512,NULL,'2020-12-21 07:42:00','2020-12-21 17:17:00',22,'2',14),(1513,NULL,'2020-12-21 07:44:00','2020-12-21 17:12:00',61,'2',35),(1514,NULL,'2020-12-21 07:44:31','2020-12-21 17:04:24',7,'2',7),(1515,NULL,'2020-12-21 07:44:55','2020-12-21 17:20:59',68,'2',33),(1516,NULL,'2020-12-21 07:45:00','2020-12-21 17:15:00',37,'2',41),(1517,NULL,'2020-12-21 07:45:47','2020-12-21 16:10:35',41,'2',27),(1518,NULL,'2020-12-21 07:46:11','2020-12-21 12:09:13',47,'2',58),(1519,NULL,'2020-12-21 07:46:00','2020-12-21 17:15:00',10,'2',10),(1520,NULL,'2020-12-21 07:47:30','2020-12-21 15:37:42',6,'2',6),(1521,NULL,'2020-12-21 07:47:00','2020-12-21 17:17:00',26,'2',12),(1522,NULL,'2020-12-21 07:48:00','2020-12-21 17:17:00',38,'2',52),(1523,NULL,'2020-12-21 07:57:37','2020-12-21 12:06:27',21,'2',21),(1524,NULL,'2020-12-21 08:25:19','2020-12-21 12:02:53',46,'2',47),(1525,NULL,'2020-12-21 08:45:57','2020-12-21 17:10:23',43,'2',45),(1526,NULL,'2020-12-21 11:22:00','2020-12-21 17:17:00',31,'2',32),(1527,NULL,'2020-12-21 12:58:00','2020-12-21 17:17:00',39,'2',43),(1528,NULL,'2020-12-21 13:15:00','2020-12-21 17:17:00',21,'2',21),(1529,NULL,'2020-12-21 13:17:00','2020-12-21 17:30:00',6,'2',6),(1530,NULL,'2020-12-22 06:38:28','2020-12-22 17:18:59',3,'2',2),(1531,NULL,'2020-12-22 06:38:38','2020-12-22 13:24:35',25,'2',16),(1532,NULL,'2020-12-22 06:39:07','2020-12-22 17:17:55',29,'2',24),(1533,NULL,'2020-12-22 06:49:20','2020-12-22 17:13:24',32,'2',54),(1534,NULL,'2020-12-22 06:52:24','2020-12-22 15:43:57',18,'2',20),(1535,NULL,'2020-12-22 06:55:55','2020-12-23 07:12:07',20,'2',22),(1536,NULL,'2020-12-22 06:56:12','2020-12-22 17:11:51',51,'2',42),(1537,NULL,'2020-12-22 07:00:05','2020-12-22 17:14:10',14,'2',29),(1538,NULL,'2020-12-22 07:10:21','2020-12-22 17:18:18',4,'2',3),(1539,NULL,'2020-12-22 07:10:00','2020-12-22 17:13:40',91,'2',69),(1540,NULL,'2020-12-22 07:15:45','2020-12-22 12:05:05',26,'2',12),(1541,NULL,'2020-12-22 07:16:32','2020-12-22 17:17:18',90,'2',63),(1542,NULL,'2020-12-22 07:17:14','2020-12-22 17:17:49',28,'2',25),(1543,NULL,'2020-12-22 07:17:40','2020-12-22 12:40:45',39,'2',43),(1544,NULL,'2020-12-22 07:17:46','2020-12-22 17:16:55',33,'2',51),(1545,NULL,'2020-12-22 07:18:30','2020-12-22 17:17:44',63,'2',50),(1546,NULL,'2020-12-22 07:18:47','2020-12-22 17:11:17',45,'2',56),(1547,NULL,'2020-12-22 07:18:55','2020-12-22 17:12:48',54,'2',59),(1548,NULL,'2020-12-22 07:19:02','2020-12-22 17:13:00',46,'2',47),(1549,NULL,'2020-12-22 07:23:06','2020-12-22 17:14:03',85,'2',34),(1550,NULL,'2020-12-22 07:24:29','2020-12-22 17:15:55',89,'2',62),(1551,NULL,'2020-12-22 07:28:42','2020-12-22 17:12:28',49,'2',36),(1552,NULL,'2020-12-22 07:29:06','2020-12-22 17:15:21',48,'2',53),(1553,NULL,'2020-12-22 07:29:12','2020-12-22 10:50:22',31,'2',32),(1554,NULL,'2020-12-22 07:29:54','2020-12-22 17:13:06',55,'2',37),(1555,NULL,'2020-12-22 07:30:13','2020-12-22 16:33:53',42,'2',28),(1556,NULL,'2020-12-22 07:30:19','2020-12-22 17:10:51',43,'2',45),(1557,NULL,'2020-12-22 07:30:26','2020-12-22 16:10:39',40,'2',26),(1558,NULL,'2020-12-22 07:30:31','2020-12-22 17:15:50',64,'2',44),(1559,NULL,'2020-12-22 07:31:48','2020-12-22 17:13:13',56,'2',40),(1560,NULL,'2020-12-22 07:32:18','2020-12-22 17:15:15',36,'2',61),(1561,NULL,'2020-12-22 07:33:54','2020-12-22 17:17:08',8,'2',8),(1562,NULL,'2020-12-22 07:34:07','2020-12-22 17:13:33',34,'2',38),(1563,NULL,'2020-12-22 07:34:13','2020-12-22 17:15:00',35,'2',39),(1564,NULL,'2020-12-22 07:34:50','2020-12-22 17:18:48',53,'2',57),(1565,NULL,'2020-12-22 07:35:02','2020-12-22 17:16:12',101,'2',70),(1566,NULL,'2020-12-22 07:36:42','2020-12-22 17:14:50',27,'2',23),(1567,NULL,'2020-12-22 07:37:30','2020-12-22 17:14:22',11,'2',11),(1568,NULL,'2020-12-22 07:37:41','2020-12-22 17:17:29',5,'2',5),(1569,NULL,'2020-12-22 07:37:54','2020-12-22 10:44:00',9,'2',9),(1570,NULL,'2020-12-22 07:38:43','2020-12-22 17:12:04',61,'2',35),(1571,NULL,'2020-12-22 07:40:25','2020-12-22 17:12:39',52,'2',31),(1572,NULL,'2020-12-22 07:40:35','2020-12-22 17:16:39',38,'2',52),(1573,NULL,'2020-12-22 07:41:39','2020-12-22 17:17:03',22,'2',14),(1574,NULL,'2020-12-22 07:42:29','2020-12-22 17:14:33',7,'2',7),(1575,NULL,'2020-12-22 07:43:15','2020-12-22 09:50:15',30,'2',17),(1576,NULL,'2020-12-22 07:43:00','2020-12-22 16:10:00',41,'2',27),(1577,NULL,'2020-12-22 07:44:35','2020-12-22 17:14:43',10,'2',10),(1578,NULL,'2020-12-22 07:45:26','2020-12-22 20:08:43',6,'2',6),(1579,NULL,'2020-12-22 07:45:36','2020-12-22 17:16:35',37,'2',41),(1580,NULL,'2020-12-22 07:46:07','2020-12-22 17:24:12',68,'2',33),(1581,NULL,'2020-12-22 07:46:17','2020-12-22 17:12:01',47,'2',58),(1582,NULL,'2020-12-22 07:58:38','2020-12-22 12:02:33',21,'2',21),(1584,NULL,'2020-12-22 11:10:49','2020-12-22 17:15:28',31,'2',32),(1585,NULL,'2020-12-22 12:14:31','2020-12-22 13:28:27',26,'2',12),(1586,NULL,'2020-12-22 12:30:39','2020-12-22 17:17:38',9,'2',9),(1587,NULL,'2020-12-22 13:14:16','2020-12-22 17:18:02',21,'2',21),(1588,NULL,'2020-12-22 14:32:59','2020-12-22 17:16:49',39,'2',43),(1589,NULL,'2020-12-22 14:39:10','2020-12-22 17:13:51',26,'2',12),(1590,NULL,'2020-12-22 17:02:21','2020-12-22 17:17:24',30,'2',17),(1592,NULL,'2020-12-23 06:39:59','2020-12-23 16:13:48',25,'2',16),(1593,NULL,'2020-12-23 06:45:44','2020-12-23 17:17:38',3,'2',2),(1594,NULL,'2020-12-23 06:46:00',NULL,29,'2',24),(1595,NULL,'2020-12-23 06:48:11','2020-12-23 15:11:37',18,'2',20),(1596,NULL,'2020-12-23 06:48:44',NULL,32,'2',54),(1597,NULL,'2020-12-23 06:52:05',NULL,24,'2',18),(1598,NULL,'2020-12-23 06:53:36',NULL,51,'2',42),(1599,NULL,'2020-12-23 06:55:57',NULL,14,'2',29),(1600,NULL,'2020-12-23 07:06:47',NULL,28,'2',25),(1601,NULL,'2020-12-23 07:11:51',NULL,85,'2',34),(1602,NULL,'2020-12-23 07:14:15',NULL,26,'2',12),(1603,NULL,'2020-12-23 07:15:20',NULL,90,'2',63),(1604,NULL,'2020-12-23 07:20:11','2020-12-23 16:59:29',4,'2',3),(1605,NULL,'2020-12-23 07:20:21',NULL,45,'2',56),(1606,NULL,'2020-12-23 07:20:58',NULL,33,'2',51),(1607,NULL,'2020-12-23 07:21:17','2020-12-23 09:31:23',39,'2',43),(1608,NULL,'2020-12-23 07:21:22',NULL,91,'2',69),(1609,NULL,'2020-12-23 07:22:32','2020-12-23 16:53:58',63,'2',50),(1610,NULL,'2020-12-23 07:23:51',NULL,46,'2',47),(1611,NULL,'2020-12-23 07:24:25','2020-12-23 16:10:10',89,'2',62),(1612,NULL,'2020-12-23 07:27:35',NULL,49,'2',36),(1613,NULL,'2020-12-23 07:29:22',NULL,48,'2',53),(1614,NULL,'2020-12-23 07:29:57',NULL,31,'2',32),(1615,NULL,'2020-12-23 07:41:32',NULL,30,'2',17),(1616,NULL,'2020-12-23 07:42:42',NULL,6,'2',6),(1617,NULL,'2020-12-23 07:42:48','2020-12-23 17:02:00',27,'2',23),(1618,NULL,'2020-12-23 07:42:55','2020-12-23 17:02:24',22,'2',14),(1619,NULL,'2020-12-23 07:43:02','2020-12-23 17:01:17',10,'2',10),(1620,NULL,'2020-12-23 07:44:16','2020-12-23 16:54:08',68,'2',33),(1621,NULL,'2020-12-23 07:44:58',NULL,38,'2',52),(1622,NULL,'2020-12-23 07:46:19',NULL,47,'2',58),(1623,NULL,'2020-12-23 07:58:14','2020-12-23 12:02:55',21,'2',21),(1624,NULL,'2020-12-23 09:03:31','2020-12-23 09:05:06',9,'2',9),(1625,NULL,'2020-12-23 10:33:26',NULL,9,'2',9),(1626,NULL,'2020-12-23 16:10:56',NULL,40,'2',26),(1627,NULL,'2020-12-23 16:45:19',NULL,60,'2',30),(1628,NULL,'2020-12-23 17:13:58',NULL,7,'2',7);
/*!40000 ALTER TABLE `logs` ENABLE KEYS */;
UNLOCK TABLES;

--
-- Table structure for table `menu_items`
--

DROP TABLE IF EXISTS `menu_items`;
/*!40101 SET @saved_cs_client     = @@character_set_client */;
/*!40101 SET character_set_client = utf8 */;
CREATE TABLE `menu_items` (
  `id` int(10) unsigned NOT NULL AUTO_INCREMENT,
  `menu_id` int(10) unsigned DEFAULT NULL,
  `title` varchar(255) COLLATE utf8mb4_unicode_ci NOT NULL,
  `url` varchar(255) COLLATE utf8mb4_unicode_ci NOT NULL,
  `target` varchar(255) COLLATE utf8mb4_unicode_ci NOT NULL DEFAULT '_self',
  `icon_class` varchar(255) COLLATE utf8mb4_unicode_ci DEFAULT NULL,
  `color` varchar(255) COLLATE utf8mb4_unicode_ci DEFAULT NULL,
  `parent_id` int(11) DEFAULT NULL,
  `order` int(11) NOT NULL,
  `created_at` timestamp NULL DEFAULT NULL,
  `updated_at` timestamp NULL DEFAULT NULL,
  `route` varchar(255) COLLATE utf8mb4_unicode_ci DEFAULT NULL,
  `parameters` text COLLATE utf8mb4_unicode_ci DEFAULT NULL,
  PRIMARY KEY (`id`),
  KEY `menu_items_menu_id_foreign` (`menu_id`),
  CONSTRAINT `menu_items_menu_id_foreign` FOREIGN KEY (`menu_id`) REFERENCES `menus` (`id`) ON DELETE CASCADE
) ENGINE=InnoDB AUTO_INCREMENT=26 DEFAULT CHARSET=utf8mb4 COLLATE=utf8mb4_unicode_ci;
/*!40101 SET character_set_client = @saved_cs_client */;

--
-- Dumping data for table `menu_items`
--

LOCK TABLES `menu_items` WRITE;
/*!40000 ALTER TABLE `menu_items` DISABLE KEYS */;
INSERT INTO `menu_items` VALUES (1,1,'Начало','','_self','voyager-boat','#000000',NULL,1,'2020-05-10 19:07:09','2020-05-10 20:32:51','voyager.dashboard','null'),(2,1,'Файлове','','_self','voyager-images','#000000',5,1,'2020-05-10 19:07:09','2020-05-25 05:40:50','voyager.media.index','null'),(3,1,'Хора','','_self','voyager-person','#000000',14,2,'2020-05-10 19:07:09','2020-05-25 05:40:28','voyager.users.index','null'),(4,1,'Roles','','_self','voyager-lock',NULL,5,5,'2020-05-10 19:07:09','2020-05-25 05:40:47','voyager.roles.index',NULL),(5,1,'Инструменти','','_self','voyager-tools','#000000',NULL,6,'2020-05-10 19:07:09','2020-06-15 21:56:20',NULL,''),(6,1,'Menu Builder','','_self','voyager-list',NULL,5,6,'2020-05-10 19:07:09','2020-05-25 05:40:47','voyager.menus.index',NULL),(7,1,'Database','','_self','voyager-data',NULL,5,4,'2020-05-10 19:07:09','2020-05-25 05:40:53','voyager.database.index',NULL),(8,1,'Compass','','_self','voyager-compass',NULL,5,7,'2020-05-10 19:07:09','2020-05-25 05:40:47','voyager.compass.index',NULL),(9,1,'BREAD','','_self','voyager-bread',NULL,5,3,'2020-05-10 19:07:09','2020-05-25 05:40:53','voyager.bread.index',NULL),(10,1,'Настройки','','_self','voyager-settings','#000000',5,2,'2020-05-10 19:07:09','2020-05-25 05:40:53','voyager.settings.index','null'),(11,1,'Hooks','','_self','voyager-hook',NULL,5,8,'2020-05-10 19:07:10','2020-05-25 05:40:47','voyager.hooks',NULL),(12,1,'Записи','','_self','voyager-logbook','#000000',14,1,'2020-05-10 19:21:26','2020-05-25 05:40:28','voyager.logs.index','null'),(13,1,'Четци','','_self','voyager-location','#000000',14,5,'2020-05-10 19:43:25','2020-05-25 05:40:41','voyager.readers.index','null'),(14,1,'Управление','','_self','voyager-settings','#000000',NULL,5,'2020-05-10 19:47:25','2020-06-15 21:56:20',NULL,''),(15,1,'Карти','','_self','voyager-tag',NULL,14,3,'2020-05-10 21:11:18','2020-05-25 05:40:32','voyager.tags.index',NULL),(16,1,'Отдели','','_self','voyager-company',NULL,14,4,'2020-05-11 16:23:56','2020-05-25 05:40:41','voyager.sections.index',NULL),(17,1,'Монитор','/monitor','_self','voyager-eye','#000000',NULL,2,'2020-05-11 22:29:12','2020-05-11 22:29:25',NULL,''),(18,1,'Отчети','/report','_self','voyager-logbook','#000000',NULL,3,'2020-05-25 05:40:04','2020-05-25 05:40:25',NULL,''),(19,1,'Грешки','','_self','voyager-warning',NULL,NULL,4,'2020-06-13 11:27:45','2020-06-15 21:56:20','voyager.errors.index',NULL),(20,1,'Dashboard','','_self','voyager-boat',NULL,NULL,1,'2020-10-26 12:19:26','2020-10-26 12:19:26','voyager.dashboard',NULL),(21,1,'Медия','','_self','voyager-images',NULL,NULL,5,'2020-10-26 12:19:26','2020-10-26 12:19:26','voyager.media.index',NULL),(22,1,'Потребители','','_self','voyager-person',NULL,NULL,3,'2020-10-26 12:19:26','2020-10-26 12:19:26','voyager.users.index',NULL),(23,1,'Роли','','_self','voyager-lock',NULL,NULL,2,'2020-10-26 12:19:26','2020-10-26 12:19:26','voyager.roles.index',NULL),(24,1,'Настройки на Менюто','','_self','voyager-list',NULL,5,10,'2020-10-26 12:19:26','2020-10-26 12:19:26','voyager.menus.index',NULL),(25,1,'База данни','','_self','voyager-data',NULL,5,11,'2020-10-26 12:19:26','2020-10-26 12:19:26','voyager.database.index',NULL);
/*!40000 ALTER TABLE `menu_items` ENABLE KEYS */;
UNLOCK TABLES;

--
-- Table structure for table `menus`
--

DROP TABLE IF EXISTS `menus`;
/*!40101 SET @saved_cs_client     = @@character_set_client */;
/*!40101 SET character_set_client = utf8 */;
CREATE TABLE `menus` (
  `id` int(10) unsigned NOT NULL AUTO_INCREMENT,
  `name` varchar(255) COLLATE utf8mb4_unicode_ci NOT NULL,
  `created_at` timestamp NULL DEFAULT NULL,
  `updated_at` timestamp NULL DEFAULT NULL,
  PRIMARY KEY (`id`),
  UNIQUE KEY `menus_name_unique` (`name`)
) ENGINE=InnoDB AUTO_INCREMENT=2 DEFAULT CHARSET=utf8mb4 COLLATE=utf8mb4_unicode_ci;
/*!40101 SET character_set_client = @saved_cs_client */;

--
-- Dumping data for table `menus`
--

LOCK TABLES `menus` WRITE;
/*!40000 ALTER TABLE `menus` DISABLE KEYS */;
INSERT INTO `menus` VALUES (1,'admin','2020-05-10 19:07:09','2020-05-10 19:07:09');
/*!40000 ALTER TABLE `menus` ENABLE KEYS */;
UNLOCK TABLES;

--
-- Table structure for table `migrations`
--

DROP TABLE IF EXISTS `migrations`;
/*!40101 SET @saved_cs_client     = @@character_set_client */;
/*!40101 SET character_set_client = utf8 */;
CREATE TABLE `migrations` (
  `id` int(10) unsigned NOT NULL AUTO_INCREMENT,
  `migration` varchar(255) COLLATE utf8mb4_unicode_ci NOT NULL,
  `batch` int(11) NOT NULL,
  PRIMARY KEY (`id`)
) ENGINE=InnoDB AUTO_INCREMENT=27 DEFAULT CHARSET=utf8mb4 COLLATE=utf8mb4_unicode_ci;
/*!40101 SET character_set_client = @saved_cs_client */;

--
-- Dumping data for table `migrations`
--

LOCK TABLES `migrations` WRITE;
/*!40000 ALTER TABLE `migrations` DISABLE KEYS */;
INSERT INTO `migrations` VALUES (1,'2014_10_12_000000_create_users_table',1),(2,'2016_01_01_000000_add_voyager_user_fields',1),(3,'2016_01_01_000000_create_data_types_table',1),(4,'2016_05_19_173453_create_menu_table',1),(5,'2016_10_21_190000_create_roles_table',1),(6,'2016_10_21_190000_create_settings_table',1),(7,'2016_11_30_135954_create_permission_table',1),(8,'2016_11_30_141208_create_permission_role_table',1),(9,'2016_12_26_201236_data_types__add__server_side',1),(10,'2017_01_13_000000_add_route_to_menu_items_table',1),(11,'2017_01_14_005015_create_translations_table',1),(12,'2017_01_15_000000_make_table_name_nullable_in_permissions_table',1),(13,'2017_03_06_000000_add_controller_to_data_types_table',1),(14,'2017_04_21_000000_add_order_to_data_rows_table',1),(15,'2017_07_05_210000_add_policyname_to_data_types_table',1),(16,'2017_08_05_000000_add_group_to_settings_table',1),(17,'2017_11_26_013050_add_user_role_relationship',1),(18,'2017_11_26_015000_create_user_roles_table',1),(19,'2018_03_11_000000_add_user_settings',1),(20,'2018_03_14_000000_add_details_to_data_types_table',1),(21,'2018_03_16_000000_make_settings_value_nullable',1),(22,'2019_08_19_000000_create_failed_jobs_table',1),(24,'2020_05_19_212704_create_websockets_statistics_entries_table',2),(25,'2020_10_28_010747_create_jobs_table',3),(26,'2020_10_28_012615_create_notifications_table',3);
/*!40000 ALTER TABLE `migrations` ENABLE KEYS */;
UNLOCK TABLES;

--
-- Table structure for table `notifications`
--

DROP TABLE IF EXISTS `notifications`;
/*!40101 SET @saved_cs_client     = @@character_set_client */;
/*!40101 SET character_set_client = utf8 */;
CREATE TABLE `notifications` (
  `id` char(36) COLLATE utf8mb4_unicode_ci NOT NULL,
  `type` varchar(255) COLLATE utf8mb4_unicode_ci NOT NULL,
  `notifiable_type` varchar(255) COLLATE utf8mb4_unicode_ci NOT NULL,
  `notifiable_id` bigint(20) unsigned NOT NULL,
  `data` text COLLATE utf8mb4_unicode_ci NOT NULL,
  `read_at` timestamp NULL DEFAULT NULL,
  `created_at` timestamp NULL DEFAULT NULL,
  `updated_at` timestamp NULL DEFAULT NULL,
  PRIMARY KEY (`id`),
  KEY `notifications_notifiable_type_notifiable_id_index` (`notifiable_type`,`notifiable_id`)
) ENGINE=InnoDB DEFAULT CHARSET=utf8mb4 COLLATE=utf8mb4_unicode_ci;
/*!40101 SET character_set_client = @saved_cs_client */;

--
-- Dumping data for table `notifications`
--

LOCK TABLES `notifications` WRITE;
/*!40000 ALTER TABLE `notifications` DISABLE KEYS */;
/*!40000 ALTER TABLE `notifications` ENABLE KEYS */;
UNLOCK TABLES;

--
-- Table structure for table `permission_role`
--

DROP TABLE IF EXISTS `permission_role`;
/*!40101 SET @saved_cs_client     = @@character_set_client */;
/*!40101 SET character_set_client = utf8 */;
CREATE TABLE `permission_role` (
  `permission_id` bigint(20) unsigned NOT NULL,
  `role_id` bigint(20) unsigned NOT NULL,
  PRIMARY KEY (`permission_id`,`role_id`),
  KEY `permission_role_permission_id_index` (`permission_id`),
  KEY `permission_role_role_id_index` (`role_id`),
  CONSTRAINT `permission_role_permission_id_foreign` FOREIGN KEY (`permission_id`) REFERENCES `permissions` (`id`) ON DELETE CASCADE,
  CONSTRAINT `permission_role_role_id_foreign` FOREIGN KEY (`role_id`) REFERENCES `roles` (`id`) ON DELETE CASCADE
) ENGINE=InnoDB DEFAULT CHARSET=utf8mb4 COLLATE=utf8mb4_unicode_ci;
/*!40101 SET character_set_client = @saved_cs_client */;

--
-- Dumping data for table `permission_role`
--

LOCK TABLES `permission_role` WRITE;
/*!40000 ALTER TABLE `permission_role` DISABLE KEYS */;
INSERT INTO `permission_role` VALUES (1,1),(1,2),(2,1),(3,1),(4,1),(5,1),(6,1),(7,1),(8,1),(9,1),(10,1),(11,1),(12,1),(13,1),(14,1),(15,1),(16,1),(17,1),(18,1),(19,1),(20,1),(21,1),(22,1),(23,1),(24,1),(25,1),(26,1),(27,1),(27,2),(28,1),(28,2),(29,1),(30,1),(31,1),(32,1),(33,1),(34,1),(35,1),(36,1),(37,1),(38,1),(39,1),(40,1),(41,1),(42,1),(43,1),(44,1),(45,1),(46,1),(47,1),(48,1),(49,1),(50,1),(51,1);
/*!40000 ALTER TABLE `permission_role` ENABLE KEYS */;
UNLOCK TABLES;

--
-- Table structure for table `permissions`
--

DROP TABLE IF EXISTS `permissions`;
/*!40101 SET @saved_cs_client     = @@character_set_client */;
/*!40101 SET character_set_client = utf8 */;
CREATE TABLE `permissions` (
  `id` bigint(20) unsigned NOT NULL AUTO_INCREMENT,
  `key` varchar(255) COLLATE utf8mb4_unicode_ci NOT NULL,
  `table_name` varchar(255) COLLATE utf8mb4_unicode_ci DEFAULT NULL,
  `created_at` timestamp NULL DEFAULT NULL,
  `updated_at` timestamp NULL DEFAULT NULL,
  PRIMARY KEY (`id`),
  KEY `permissions_key_index` (`key`)
) ENGINE=InnoDB AUTO_INCREMENT=52 DEFAULT CHARSET=utf8mb4 COLLATE=utf8mb4_unicode_ci;
/*!40101 SET character_set_client = @saved_cs_client */;

--
-- Dumping data for table `permissions`
--

LOCK TABLES `permissions` WRITE;
/*!40000 ALTER TABLE `permissions` DISABLE KEYS */;
INSERT INTO `permissions` VALUES (1,'browse_admin',NULL,'2020-05-10 19:07:10','2020-05-10 19:07:10'),(2,'browse_bread',NULL,'2020-05-10 19:07:10','2020-05-10 19:07:10'),(3,'browse_database',NULL,'2020-05-10 19:07:10','2020-05-10 19:07:10'),(4,'browse_media',NULL,'2020-05-10 19:07:10','2020-05-10 19:07:10'),(5,'browse_compass',NULL,'2020-05-10 19:07:10','2020-05-10 19:07:10'),(6,'browse_menus','menus','2020-05-10 19:07:10','2020-05-10 19:07:10'),(7,'read_menus','menus','2020-05-10 19:07:10','2020-05-10 19:07:10'),(8,'edit_menus','menus','2020-05-10 19:07:10','2020-05-10 19:07:10'),(9,'add_menus','menus','2020-05-10 19:07:10','2020-05-10 19:07:10'),(10,'delete_menus','menus','2020-05-10 19:07:10','2020-05-10 19:07:10'),(11,'browse_roles','roles','2020-05-10 19:07:10','2020-05-10 19:07:10'),(12,'read_roles','roles','2020-05-10 19:07:10','2020-05-10 19:07:10'),(13,'edit_roles','roles','2020-05-10 19:07:10','2020-05-10 19:07:10'),(14,'add_roles','roles','2020-05-10 19:07:10','2020-05-10 19:07:10'),(15,'delete_roles','roles','2020-05-10 19:07:10','2020-05-10 19:07:10'),(16,'browse_users','users','2020-05-10 19:07:10','2020-05-10 19:07:10'),(17,'read_users','users','2020-05-10 19:07:10','2020-05-10 19:07:10'),(18,'edit_users','users','2020-05-10 19:07:10','2020-05-10 19:07:10'),(19,'add_users','users','2020-05-10 19:07:10','2020-05-10 19:07:10'),(20,'delete_users','users','2020-05-10 19:07:10','2020-05-10 19:07:10'),(21,'browse_settings','settings','2020-05-10 19:07:10','2020-05-10 19:07:10'),(22,'read_settings','settings','2020-05-10 19:07:10','2020-05-10 19:07:10'),(23,'edit_settings','settings','2020-05-10 19:07:10','2020-05-10 19:07:10'),(24,'add_settings','settings','2020-05-10 19:07:10','2020-05-10 19:07:10'),(25,'delete_settings','settings','2020-05-10 19:07:10','2020-05-10 19:07:10'),(26,'browse_hooks',NULL,'2020-05-10 19:07:10','2020-05-10 19:07:10'),(27,'browse_logs','logs','2020-05-10 19:21:26','2020-05-10 19:21:26'),(28,'read_logs','logs','2020-05-10 19:21:26','2020-05-10 19:21:26'),(29,'edit_logs','logs','2020-05-10 19:21:26','2020-05-10 19:21:26'),(30,'add_logs','logs','2020-05-10 19:21:26','2020-05-10 19:21:26'),(31,'delete_logs','logs','2020-05-10 19:21:26','2020-05-10 19:21:26'),(32,'browse_readers','readers','2020-05-10 19:43:25','2020-05-10 19:43:25'),(33,'read_readers','readers','2020-05-10 19:43:25','2020-05-10 19:43:25'),(34,'edit_readers','readers','2020-05-10 19:43:25','2020-05-10 19:43:25'),(35,'add_readers','readers','2020-05-10 19:43:25','2020-05-10 19:43:25'),(36,'delete_readers','readers','2020-05-10 19:43:25','2020-05-10 19:43:25'),(37,'browse_tags','tags','2020-05-10 21:11:18','2020-05-10 21:11:18'),(38,'read_tags','tags','2020-05-10 21:11:18','2020-05-10 21:11:18'),(39,'edit_tags','tags','2020-05-10 21:11:18','2020-05-10 21:11:18'),(40,'add_tags','tags','2020-05-10 21:11:18','2020-05-10 21:11:18'),(41,'delete_tags','tags','2020-05-10 21:11:18','2020-05-10 21:11:18'),(42,'browse_sections','sections','2020-05-11 16:23:56','2020-05-11 16:23:56'),(43,'read_sections','sections','2020-05-11 16:23:56','2020-05-11 16:23:56'),(44,'edit_sections','sections','2020-05-11 16:23:56','2020-05-11 16:23:56'),(45,'add_sections','sections','2020-05-11 16:23:56','2020-05-11 16:23:56'),(46,'delete_sections','sections','2020-05-11 16:23:56','2020-05-11 16:23:56'),(47,'browse_errors','errors','2020-06-13 11:27:45','2020-06-13 11:27:45'),(48,'read_errors','errors','2020-06-13 11:27:45','2020-06-13 11:27:45'),(49,'edit_errors','errors','2020-06-13 11:27:45','2020-06-13 11:27:45'),(50,'add_errors','errors','2020-06-13 11:27:45','2020-06-13 11:27:45'),(51,'delete_errors','errors','2020-06-13 11:27:45','2020-06-13 11:27:45');
/*!40000 ALTER TABLE `permissions` ENABLE KEYS */;
UNLOCK TABLES;

--
-- Table structure for table `readers`
--

DROP TABLE IF EXISTS `readers`;
/*!40101 SET @saved_cs_client     = @@character_set_client */;
/*!40101 SET character_set_client = utf8 */;
CREATE TABLE `readers` (
  `id` int(10) unsigned NOT NULL AUTO_INCREMENT,
  `name` varchar(255) COLLATE utf8mb4_unicode_ci NOT NULL,
  `created_at` timestamp NULL DEFAULT NULL,
  `order` int(11) DEFAULT NULL,
  `updated_at` timestamp NULL DEFAULT NULL,
  `mac` varchar(100) COLLATE utf8mb4_unicode_ci DEFAULT NULL,
  `stats` longtext CHARACTER SET utf8mb4 COLLATE utf8mb4_bin DEFAULT NULL CHECK (json_valid(`stats`)),
  PRIMARY KEY (`id`)
) ENGINE=InnoDB AUTO_INCREMENT=3 DEFAULT CHARSET=utf8mb4 COLLATE=utf8mb4_unicode_ci;
/*!40101 SET character_set_client = @saved_cs_client */;

--
-- Dumping data for table `readers`
--

LOCK TABLES `readers` WRITE;
/*!40000 ALTER TABLE `readers` DISABLE KEYS */;
INSERT INTO `readers` VALUES (1,'Главен портал 2','2020-05-10 19:51:00',2,'2020-12-02 17:22:21','140870681499624','{\"reader\":\"MTQwODcwNjgxNDk5NjI0\",\"platform\":\"Linux-5.4.51-v7+-armv7l-with-debian-10.6\",\"cpu\":\"65.0\",\"ram\":\"16.9\",\"hdd_used\":\"3\",\"hdd_total\":\"6\"}'),(2,'Главен портал','2020-06-13 11:59:00',1,'2020-12-23 17:20:04','242606369536836','{\"reader\":\"MjQyNjA2MzY5NTM2ODM2\",\"platform\":\"Linux-5.4.72-v7l+-armv7l-with-debian-10.6\",\"cpu\":\"25.8\",\"cpu_temp\":\"48.199\",\"ram\":\"9.7\",\"hdd_used\":\"3\",\"hdd_total\":\"13\"}');
/*!40000 ALTER TABLE `readers` ENABLE KEYS */;
UNLOCK TABLES;

--
-- Table structure for table `roles`
--

DROP TABLE IF EXISTS `roles`;
/*!40101 SET @saved_cs_client     = @@character_set_client */;
/*!40101 SET character_set_client = utf8 */;
CREATE TABLE `roles` (
  `id` bigint(20) unsigned NOT NULL AUTO_INCREMENT,
  `name` varchar(255) COLLATE utf8mb4_unicode_ci NOT NULL,
  `display_name` varchar(255) COLLATE utf8mb4_unicode_ci NOT NULL,
  `created_at` timestamp NULL DEFAULT NULL,
  `updated_at` timestamp NULL DEFAULT NULL,
  PRIMARY KEY (`id`),
  UNIQUE KEY `roles_name_unique` (`name`)
) ENGINE=InnoDB AUTO_INCREMENT=3 DEFAULT CHARSET=utf8mb4 COLLATE=utf8mb4_unicode_ci;
/*!40101 SET character_set_client = @saved_cs_client */;

--
-- Dumping data for table `roles`
--

LOCK TABLES `roles` WRITE;
/*!40000 ALTER TABLE `roles` DISABLE KEYS */;
INSERT INTO `roles` VALUES (1,'admin','Администратор','2020-05-10 19:07:09','2020-05-10 20:37:33'),(2,'user','Служител','2020-05-10 19:07:10','2020-05-10 20:37:20');
/*!40000 ALTER TABLE `roles` ENABLE KEYS */;
UNLOCK TABLES;

--
-- Table structure for table `sections`
--

DROP TABLE IF EXISTS `sections`;
/*!40101 SET @saved_cs_client     = @@character_set_client */;
/*!40101 SET character_set_client = utf8 */;
CREATE TABLE `sections` (
  `id` int(10) unsigned NOT NULL AUTO_INCREMENT,
  `name` varchar(255) COLLATE utf8mb4_unicode_ci DEFAULT NULL,
  `created_at` timestamp NULL DEFAULT NULL,
  `updated_at` timestamp NULL DEFAULT NULL,
  PRIMARY KEY (`id`)
) ENGINE=InnoDB AUTO_INCREMENT=16 DEFAULT CHARSET=utf8mb4 COLLATE=utf8mb4_unicode_ci;
/*!40101 SET character_set_client = @saved_cs_client */;

--
-- Dumping data for table `sections`
--

LOCK TABLES `sections` WRITE;
/*!40000 ALTER TABLE `sections` DISABLE KEYS */;
INSERT INTO `sections` VALUES (1,'Предпазители','2020-05-11 16:25:00','2020-11-13 21:29:18'),(6,'Разединители','2020-05-11 16:26:00','2020-11-24 13:32:10'),(7,'Механичен','2020-05-11 16:27:00','2020-11-13 21:29:55'),(8,'Ел. лаборатория','2020-05-11 16:27:12','2020-05-11 16:27:12'),(11,'Администрация','2020-05-11 16:27:35','2020-05-11 16:27:35'),(12,'Електропорцелан','2020-05-11 16:27:46','2020-05-11 16:27:46'),(13,'Галваничен','2020-05-11 16:27:00','2020-11-13 21:32:05'),(15,'Пресов','2020-12-03 16:16:00','2020-12-14 10:18:10');
/*!40000 ALTER TABLE `sections` ENABLE KEYS */;
UNLOCK TABLES;

--
-- Table structure for table `settings`
--

DROP TABLE IF EXISTS `settings`;
/*!40101 SET @saved_cs_client     = @@character_set_client */;
/*!40101 SET character_set_client = utf8 */;
CREATE TABLE `settings` (
  `id` int(10) unsigned NOT NULL AUTO_INCREMENT,
  `key` varchar(255) COLLATE utf8mb4_unicode_ci NOT NULL,
  `display_name` varchar(255) COLLATE utf8mb4_unicode_ci NOT NULL,
  `value` text COLLATE utf8mb4_unicode_ci DEFAULT NULL,
  `details` text COLLATE utf8mb4_unicode_ci DEFAULT NULL,
  `type` varchar(255) COLLATE utf8mb4_unicode_ci NOT NULL,
  `order` int(11) NOT NULL DEFAULT 1,
  `group` varchar(255) COLLATE utf8mb4_unicode_ci DEFAULT NULL,
  PRIMARY KEY (`id`),
  UNIQUE KEY `settings_key_unique` (`key`)
) ENGINE=InnoDB AUTO_INCREMENT=15 DEFAULT CHARSET=utf8mb4 COLLATE=utf8mb4_unicode_ci;
/*!40101 SET character_set_client = @saved_cs_client */;

--
-- Dumping data for table `settings`
--

LOCK TABLES `settings` WRITE;
/*!40000 ALTER TABLE `settings` DISABLE KEYS */;
INSERT INTO `settings` VALUES (1,'site.title','Site Title','Nikdim','','text',1,'Site'),(2,'site.description','Site Description','Personnel Tracking','','text',2,'Site'),(3,'site.logo','Site Logo','settings/November2020/iFm8H3bKdYjDXYFY7cop.png','','image',3,'Site'),(4,'site.google_analytics_tracking_id','Google Analytics Tracking ID',NULL,'','text',4,'Site'),(5,'admin.bg_image','Admin Background Image','settings/May2020/K0nlYbNESoYKgj0D3wvk.jpg','','image',5,'Admin'),(6,'admin.title','Admin Title','Nikdim','','text',1,'Admin'),(7,'admin.description','Admin Description','Raffy от NetShell','','text',2,'Admin'),(8,'admin.loader','Admin Loader','','','image',3,'Admin'),(9,'admin.icon_image','Admin Icon Image','settings/November2020/vGPKnJOVnwP8u7uNPCQB.png','','image',4,'Admin'),(10,'admin.google_analytics_client_id','Google Analytics Client ID (used for admin dashboard)',NULL,'','text',1,'Admin'),(11,'site.workday_start','Работно време - начало','08:00',NULL,'text',6,'Site'),(12,'site.workday_end','Работно време - край','17:00',NULL,'text',7,'Site'),(13,'site.open_time','Време за отключване','3',NULL,'text',8,'Site'),(14,'site.overwrite_time','Толеранс за неуспешен вход','1',NULL,'text',9,'Site');
/*!40000 ALTER TABLE `settings` ENABLE KEYS */;
UNLOCK TABLES;

--
-- Table structure for table `tags`
--

DROP TABLE IF EXISTS `tags`;
/*!40101 SET @saved_cs_client     = @@character_set_client */;
/*!40101 SET character_set_client = utf8 */;
CREATE TABLE `tags` (
  `id` int(10) unsigned NOT NULL AUTO_INCREMENT,
  `tag` varchar(255) COLLATE utf8mb4_unicode_ci NOT NULL,
  `user_id` int(10) unsigned NOT NULL,
  `created_at` timestamp NULL DEFAULT NULL,
  `updated_at` timestamp NULL DEFAULT NULL,
  PRIMARY KEY (`id`)
) ENGINE=InnoDB AUTO_INCREMENT=72 DEFAULT CHARSET=utf8mb4 COLLATE=utf8mb4_unicode_ci;
/*!40101 SET character_set_client = @saved_cs_client */;

--
-- Dumping data for table `tags`
--

LOCK TABLES `tags` WRITE;
/*!40000 ALTER TABLE `tags` DISABLE KEYS */;
INSERT INTO `tags` VALUES (1,'716177144219',1,'2020-05-10 22:22:00','2020-05-11 08:49:22'),(2,'498433678293',3,'2020-05-11 08:50:00','2020-05-21 18:10:55'),(3,'508248415119',4,'2020-08-10 16:22:28','2020-08-10 16:22:28'),(5,'765378995206',5,'2020-10-26 12:15:02','2020-10-26 12:15:02'),(6,'904613176524',6,'2020-10-26 12:38:47','2020-10-26 12:38:47'),(7,'148833149956',7,'2020-10-26 12:43:22','2020-10-26 12:43:22'),(8,'767358772377',8,'2020-10-26 12:47:00','2020-10-26 12:47:48'),(9,'973349430467',9,'2020-10-26 12:50:00','2020-10-28 15:46:18'),(10,'79996232755',10,'2020-10-26 12:54:28','2020-10-26 12:54:28'),(11,'627134866452',11,'2020-10-26 12:58:00','2020-10-28 15:45:31'),(12,'1077904684311',26,'2020-11-19 10:55:19','2020-11-19 10:55:19'),(13,'779795283436',17,'2020-11-19 10:59:30','2020-11-19 10:59:30'),(14,'711075806716',22,'2020-11-19 11:00:28','2020-11-19 11:00:28'),(15,'528031430046',15,'2020-11-19 11:01:26','2020-11-19 11:01:26'),(16,'596868347239',25,'2020-11-19 11:02:40','2020-11-19 11:02:40'),(17,'352776922353',30,'2020-11-19 11:17:07','2020-11-19 11:17:07'),(18,'421362181369',24,'2020-11-19 11:28:01','2020-11-19 11:28:01'),(19,'79862014987',23,'2020-11-19 11:29:21','2020-11-19 11:29:21'),(20,'973450093765',18,'2020-11-19 11:30:04','2020-11-19 11:30:04'),(21,'148715709443',21,'2020-11-19 11:40:42','2020-11-19 11:40:42'),(22,'352642704585',20,'2020-11-19 11:42:01','2020-11-19 11:42:01'),(23,'490081658089',27,'2020-11-19 11:49:57','2020-11-19 11:49:57'),(24,'490484311233',29,'2020-11-19 11:50:39','2020-11-19 11:50:39'),(25,'77899015345',28,'2020-11-19 11:52:06','2020-11-19 11:52:06'),(26,'902717285500',40,'2020-11-19 11:55:10','2020-11-19 11:55:10'),(27,'696391083014',41,'2020-11-19 12:17:09','2020-11-19 12:17:09'),(28,'560747357324',42,'2020-11-19 12:17:56','2020-11-19 12:17:56'),(29,'766905787580',14,'2020-11-19 12:19:20','2020-11-19 12:19:20'),(30,'906039239847',60,'2020-11-19 12:20:08','2020-11-19 12:20:08'),(31,'490215875793',52,'2020-11-19 12:20:57','2020-11-19 12:20:57'),(32,'79845237764',31,'2020-11-19 12:22:16','2020-11-19 12:22:16'),(33,'767040005284',68,'2020-11-19 12:23:08','2020-11-19 12:23:08'),(34,'766922564771',85,'2020-11-19 12:24:01','2020-11-19 12:24:01'),(35,'560764134547',61,'2020-11-19 12:25:00','2020-11-19 12:25:00'),(36,'1039971689553',49,'2020-11-19 12:25:42','2020-11-19 12:25:42'),(37,'917234236812',55,'2020-11-19 12:26:23','2020-11-19 12:26:23'),(38,'917251014035',34,'2020-11-19 12:27:35','2020-11-19 12:27:35'),(39,'92600515916',35,'2020-11-19 12:28:21','2020-11-19 12:28:21'),(40,'1054656413101',56,'2020-11-19 12:28:59','2020-11-19 12:28:59'),(41,'23881039196',37,'2020-11-19 12:29:38','2020-11-19 12:29:38'),(42,'837185545391',51,'2020-11-19 13:39:34','2020-11-19 13:39:34'),(43,'562475410677',39,'2020-11-19 13:40:16','2020-11-19 13:40:16'),(44,'150158550101',64,'2020-11-19 13:40:58','2020-11-19 13:40:58'),(45,'1043494970502',43,'2020-11-19 13:41:50','2020-11-19 13:41:50'),(46,'1043478193287',69,'2020-11-19 13:42:30','2020-11-19 13:42:30'),(47,'215638779057',46,'2020-11-19 13:43:19','2020-11-19 13:43:19'),(48,'837336540342',59,'2020-11-19 13:43:56','2020-11-19 13:43:56'),(49,'1040104727663',67,'2020-11-19 13:44:38','2020-11-19 13:44:38'),(50,'353077732561',63,'2020-11-19 13:45:09','2020-11-19 13:45:09'),(51,'146768307384',33,'2020-11-19 13:46:18','2020-11-19 13:46:18'),(52,'283923227865',38,'2020-11-19 13:47:03','2020-11-19 13:47:03'),(53,'904344741084',48,'2020-11-19 13:50:23','2020-11-19 13:50:23'),(54,'146484274361',32,'2020-11-19 13:52:15','2020-11-19 13:52:15'),(55,'353045357793',44,'2020-11-19 13:53:05','2020-11-19 13:53:05'),(56,'146618492033',45,'2020-11-19 13:54:29','2020-11-19 13:54:29'),(57,'215069533345',53,'2020-11-19 13:55:08','2020-11-19 13:55:08'),(58,'215203751081',47,'2020-11-19 13:57:40','2020-11-19 13:57:40'),(59,'215337968785',54,'2020-11-19 13:58:28','2020-11-19 13:58:28'),(60,'421496399041',65,'2020-11-19 13:59:23','2020-11-19 13:59:23'),(61,'902414115960',36,'2020-11-19 14:01:10','2020-11-19 14:01:10'),(62,'693846350147',89,'2020-11-25 14:29:52','2020-11-25 14:29:52'),(63,'556541614459',90,'2020-11-25 14:30:23','2020-11-25 14:30:23'),(64,'360274412533',92,'2020-12-03 16:39:08','2020-12-03 16:39:08'),(65,'1047318184814',93,'2020-12-03 16:39:47','2020-12-03 16:39:47'),(66,'838978520019',97,'2020-12-03 16:40:09','2020-12-03 16:40:09'),(67,'625126873459',98,'2020-12-03 16:40:46','2020-12-03 16:40:46'),(68,'486941530573',99,'2020-12-03 16:41:10','2020-12-03 16:41:10'),(69,'75438168559',91,'2020-12-03 16:41:52','2020-12-03 16:41:52'),(70,'213011339719',101,'2020-12-11 17:08:08','2020-12-11 17:08:08'),(71,'841176531805',102,'2020-12-21 12:59:45','2020-12-21 12:59:45');
/*!40000 ALTER TABLE `tags` ENABLE KEYS */;
UNLOCK TABLES;

--
-- Table structure for table `translations`
--

DROP TABLE IF EXISTS `translations`;
/*!40101 SET @saved_cs_client     = @@character_set_client */;
/*!40101 SET character_set_client = utf8 */;
CREATE TABLE `translations` (
  `id` int(10) unsigned NOT NULL AUTO_INCREMENT,
  `table_name` varchar(255) COLLATE utf8mb4_unicode_ci NOT NULL,
  `column_name` varchar(255) COLLATE utf8mb4_unicode_ci NOT NULL,
  `foreign_key` int(10) unsigned NOT NULL,
  `locale` varchar(255) COLLATE utf8mb4_unicode_ci NOT NULL,
  `value` text COLLATE utf8mb4_unicode_ci NOT NULL,
  `created_at` timestamp NULL DEFAULT NULL,
  `updated_at` timestamp NULL DEFAULT NULL,
  PRIMARY KEY (`id`),
  UNIQUE KEY `translations_table_name_column_name_foreign_key_locale_unique` (`table_name`,`column_name`,`foreign_key`,`locale`)
) ENGINE=InnoDB DEFAULT CHARSET=utf8mb4 COLLATE=utf8mb4_unicode_ci;
/*!40101 SET character_set_client = @saved_cs_client */;

--
-- Dumping data for table `translations`
--

LOCK TABLES `translations` WRITE;
/*!40000 ALTER TABLE `translations` DISABLE KEYS */;
/*!40000 ALTER TABLE `translations` ENABLE KEYS */;
UNLOCK TABLES;

--
-- Table structure for table `user_roles`
--

DROP TABLE IF EXISTS `user_roles`;
/*!40101 SET @saved_cs_client     = @@character_set_client */;
/*!40101 SET character_set_client = utf8 */;
CREATE TABLE `user_roles` (
  `user_id` bigint(20) unsigned NOT NULL,
  `role_id` bigint(20) unsigned NOT NULL,
  PRIMARY KEY (`user_id`,`role_id`),
  KEY `user_roles_user_id_index` (`user_id`),
  KEY `user_roles_role_id_index` (`role_id`),
  CONSTRAINT `user_roles_role_id_foreign` FOREIGN KEY (`role_id`) REFERENCES `roles` (`id`) ON DELETE CASCADE,
  CONSTRAINT `user_roles_user_id_foreign` FOREIGN KEY (`user_id`) REFERENCES `users` (`id`) ON DELETE CASCADE
) ENGINE=InnoDB DEFAULT CHARSET=utf8mb4 COLLATE=utf8mb4_unicode_ci;
/*!40101 SET character_set_client = @saved_cs_client */;

--
-- Dumping data for table `user_roles`
--

LOCK TABLES `user_roles` WRITE;
/*!40000 ALTER TABLE `user_roles` DISABLE KEYS */;
INSERT INTO `user_roles` VALUES (13,1),(14,2),(102,1);
/*!40000 ALTER TABLE `user_roles` ENABLE KEYS */;
UNLOCK TABLES;

--
-- Table structure for table `users`
--

DROP TABLE IF EXISTS `users`;
/*!40101 SET @saved_cs_client     = @@character_set_client */;
/*!40101 SET character_set_client = utf8 */;
CREATE TABLE `users` (
  `id` bigint(20) unsigned NOT NULL AUTO_INCREMENT,
  `role_id` bigint(20) unsigned DEFAULT NULL,
  `name` varchar(255) COLLATE utf8mb4_unicode_ci NOT NULL,
  `email` varchar(255) COLLATE utf8mb4_unicode_ci NOT NULL,
  `avatar` varchar(255) COLLATE utf8mb4_unicode_ci DEFAULT 'users/default.png',
  `email_verified_at` timestamp NULL DEFAULT NULL,
  `password` varchar(255) COLLATE utf8mb4_unicode_ci NOT NULL,
  `remember_token` varchar(100) COLLATE utf8mb4_unicode_ci DEFAULT NULL,
  `settings` text COLLATE utf8mb4_unicode_ci DEFAULT NULL,
  `created_at` timestamp NULL DEFAULT NULL,
  `updated_at` timestamp NULL DEFAULT NULL,
  `section_id` int(10) unsigned DEFAULT NULL,
  PRIMARY KEY (`id`),
  UNIQUE KEY `users_email_unique` (`email`),
  KEY `users_role_id_foreign` (`role_id`),
  CONSTRAINT `users_role_id_foreign` FOREIGN KEY (`role_id`) REFERENCES `roles` (`id`)
) ENGINE=InnoDB AUTO_INCREMENT=103 DEFAULT CHARSET=utf8mb4 COLLATE=utf8mb4_unicode_ci;
/*!40101 SET character_set_client = @saved_cs_client */;

--
-- Dumping data for table `users`
--

LOCK TABLES `users` WRITE;
/*!40000 ALTER TABLE `users` DISABLE KEYS */;
INSERT INTO `users` VALUES (1,1,'Администратор','ash@rain.com','users/November2020/A2OasSW5mBeGAAqduTuW.png',NULL,'$2y$10$a5bhE1KIuRKe3K6hub8uXeFN9dd0/XTrVXORhqmF.rQsuvj4oWT9y','CmmFQuVbS2TR6vRoIshNYnMq9eFlYA5OINTl5bA1DSCLBX5BOl0yb3uFa1iQ','{\"locale\":\"bg\"}','2020-05-10 19:08:35','2020-11-04 16:35:32',11),(3,1,'Дончо Донев','info@nikdim.bg','users/December2020/mrPPMmURW6ipl9ikaUVS.jpg',NULL,'$2y$10$LDUcR4s6S8Ubdf9wV0qmJuCBLUTPxLEn4BbAss8wZcOk1kS.7WeG2',NULL,'{\"locale\":\"bg\"}','2020-05-12 15:20:34','2020-12-11 09:29:05',11),(4,1,'Милен Балкански','mbalkanski@yahoo.com','users/October2020/xLXPLVAt4cB8g1ECinmD.jpg',NULL,'$2y$10$g3zdhxE9WkMPgBDm8rMC6ea8S8LvRlG12/0.IoG9Q2f.kZ59nF5/y','yy434mqSSupEURTpizisSQncipM3tseUFP2sM7Hf1L3Rdep3ANS7ZC5ctzyc','{\"locale\":\"bg\"}','2020-08-10 16:21:46','2020-11-27 20:30:46',8),(5,2,'Цветелина Тодорова','ctodorova@nikdim.bg','users/October2020/NEPrDnF6Bq2pDiWTZozY.jpg',NULL,'$2y$10$2iAy4cnxZNumpjwEfbYTQ.m0Q05inwcGmhgAyaEodl/R8MygYN77a',NULL,'{\"locale\":\"bg\"}','2020-10-26 12:14:28','2020-10-26 12:55:16',11),(6,2,'Дечко Дечев','ddechev@nikdim.bg','users/October2020/qGOweePG14cloTKjmSrm.jpg',NULL,'$2y$10$6UMFaSIkLIzB9vrioKgNfuaPg7Qhd0fyJIpdkK7CuiZMtu/agev4i',NULL,'{\"locale\":\"bg\"}','2020-10-26 12:35:56','2020-10-26 12:55:43',11),(7,2,'Деляна Денчева','ddencheva@nikdim.bg','users/October2020/IsQSQEKFuFKEf0quSbeP.jpg',NULL,'$2y$10$ZlroaUJUKUPhMLedU6vp3OLs4WonaLOTxMeRxvo12.jVhiW28vEwi',NULL,'{\"locale\":\"bg\"}','2020-10-26 12:42:11','2020-10-26 12:55:31',11),(8,2,'Емилия Големанова','egolemanova@nikdim.bg','users/October2020/0pyApjXGuiErutq1PNcZ.jpg',NULL,'$2y$10$6tFReJgK3/vTi0d5Y02Qle.dzXSpnm5qjOCSJOm.Nz6aja8buLpe6',NULL,'{\"locale\":\"bg\"}','2020-10-26 12:47:17','2020-10-26 12:55:02',11),(9,1,'Елена Славова','sales@nikdim.bg','users/October2020/MprVpryk9nC1YwElnFgP.jpg',NULL,'$2y$10$pyy58aQvr4/NIiUBiHt3deyHO1E4wenZ3cRu11H0sQCIVznN/P.fi','FLiMfyiSnwgvd3C6SBs7ABurOCNxTA9iQGe54e6Sy2XPMSsfWGAYYSNTIinW','{\"locale\":\"bg\"}','2020-10-26 12:49:11','2020-10-28 15:53:18',11),(10,2,'Агниешка Тояганова','eneshkova@nikdim.bg','users/October2020/ADF3gnqBqIL9v3wm2Pzs.jpg',NULL,'$2y$10$j016hWI2xcLiSL/3a8Wl5Oe6kVMBW1yKKSvXwNXm7Q1M7izTS2Ue.',NULL,'{\"locale\":\"bg\"}','2020-10-26 12:51:47','2020-10-26 13:26:22',11),(11,2,'Пенка Попова','ppopova@nikdim.bg','users/October2020/VKTfH1o5h324laWsFb1M.jpg',NULL,'$2y$10$.E4ftkdRJidPslivUoxLz.n49iwscesm9SjC7RupiWp.zCxDZvvg.',NULL,'{\"locale\":\"bg\"}','2020-10-26 12:57:30','2020-10-26 12:57:30',11),(13,1,'Мария Георгиева','maria.georgieva@nikdim.bg','users/November2020/KxCX4hK3iENesw60MnQR.jpg',NULL,'$2y$10$BiWAxe6G8xpYbgRbNUweDecJp48f199zQP6rO4TYvbTD3Acir1pbW','3lRU5ejcS0NTebIWOwjmpikpechqZHNghfhZFiZbZP4PuDlDkYXjSPbPuPcS','{\"locale\":\"bg\"}','2020-10-28 15:49:58','2020-12-21 12:46:08',11),(14,2,'Ана Николова Гурбалова','ana@abv.bg','users/default.png',NULL,'$2y$10$vyerN5jSfTUFN.yYOMfQrONJ0t1F6A0CSbCQShp/OMPBoxrJw81Ya',NULL,'{\"locale\":\"bg\"}','2020-11-05 08:54:41','2020-11-05 08:54:41',1),(15,2,'Мария Николова Георгиева','mariya.georgieva@nikdim.bg','users/default.png',NULL,'nikdim2020',NULL,NULL,'2020-11-18 03:22:55','2020-11-18 03:22:55',11),(16,2,'Надежда Николова Георгиева','nadezhda.georgieva@nikdim.bg','users/default.png',NULL,'nikdim2020',NULL,NULL,'2020-11-18 03:22:55','2020-11-18 03:22:55',11),(17,2,'Иван Веселинов Караиванов','ivan.karaivanov@nikdim.bg','users/default.png',NULL,'nikdim2020',NULL,NULL,'2020-11-18 03:22:55','2020-11-18 03:22:56',11),(18,2,'Сийка Стеф. Башева','siyka.basheva@nikdim.bg','users/default.png',NULL,'nikdim2020',NULL,NULL,'2020-11-18 03:22:56','2020-11-18 03:22:56',11),(19,2,'Здравко Василев Денчев ','zdravko.denchev@nikdim.bg','users/default.png',NULL,'nikdim2020',NULL,NULL,'2020-11-18 03:22:56','2020-11-18 03:22:56',11),(20,2,'Алексей Русев Желев','aleksey.zhelev@nikdim.bg','users/default.png',NULL,'nikdim2020',NULL,NULL,'2020-11-18 03:22:56','2020-11-18 03:22:56',11),(21,2,'Цаньо Тодоров Гичев','tsanyo.gichev@nikdim.bg','users/default.png',NULL,'nikdim2020',NULL,NULL,'2020-11-18 03:22:56','2020-11-18 03:22:56',11),(22,2,'Катя Христова Костадинова','katya.kostadinova@nikdim.bg','users/default.png',NULL,'nikdim2020',NULL,NULL,'2020-11-18 03:22:56','2020-11-18 03:22:56',11),(23,2,'Мустафа Мехмед Алиосман','mustafa.aliosman@nikdim.bg','users/default.png',NULL,'nikdim2020',NULL,NULL,'2020-11-18 03:22:56','2020-11-18 03:22:56',11),(24,2,'Минчо Емилов Бисеров','mincho.biserov@nikdim.bg','users/default.png',NULL,'nikdim2020',NULL,NULL,'2020-11-18 03:22:56','2020-11-18 03:22:56',11),(25,2,'Марияна Стоянова Юрукова','mariyana.yurukova@nikdim.bg','users/default.png',NULL,'nikdim2020',NULL,NULL,'2020-11-18 03:22:56','2020-11-18 03:22:56',11),(26,2,'Димо Кунчев Груйчев','dimo.gruychev@nikdim.bg','users/December2020/QhSrAFZE8dEwoepVdt8h.jpg',NULL,'nikdim2020',NULL,'{\"locale\":\"bg\"}','2020-11-18 03:22:56','2020-12-11 10:25:44',11),(27,2,'Зоя Павлова Павлова ','zoya.pavlova@nikdim.bg','users/default.png',NULL,'nikdim2020',NULL,NULL,'2020-11-18 03:22:56','2020-11-18 03:22:56',11),(28,2,'Теодора Василева Василева','teodora.vasileva@nikdim.bg','users/default.png',NULL,'nikdim2020',NULL,NULL,'2020-11-18 03:22:56','2020-11-18 03:22:56',11),(29,2,'Иван Радков Христов','ivan.hristov@nikdim.bg','users/default.png',NULL,'nikdim2020',NULL,NULL,'2020-11-18 03:22:56','2020-11-18 03:22:56',11),(30,2,'Георги Савов Дойнов','georgi.doynov@nikdim.bg','users/default.png',NULL,'nikdim2020',NULL,NULL,'2020-11-18 03:22:56','2020-11-18 03:22:56',11),(31,2,'Антон Стефанов Георгиев','anton.georgiev@nikdim.bg','users/default.png',NULL,'nikdim2020',NULL,'{\"locale\":\"bg\"}','2020-11-18 03:22:56','2020-11-20 08:52:19',8),(32,2,'Станьо Момчев Станев','stanyo.stanev@nikdim.bg','users/default.png',NULL,'nikdim2020',NULL,'{\"locale\":\"bg\"}','2020-11-18 03:22:56','2020-11-20 08:55:03',7),(33,2,'Светла Ангелова Кирева','svetla.kireva@nikdim.bg','users/default.png',NULL,'nikdim2020',NULL,'{\"locale\":\"bg\"}','2020-11-18 03:22:56','2020-12-03 16:17:39',15),(34,2,'Емин Мехмедов Салаков','emin.salakov@nikdim.bg','users/default.png',NULL,'nikdim2020',NULL,'{\"locale\":\"bg\"}','2020-11-18 03:22:56','2020-12-03 16:17:21',15),(35,2,'Жана Райчева Чонгова','zhana.chongova@nikdim.bg','users/default.png',NULL,'nikdim2020',NULL,'{\"locale\":\"bg\"}','2020-11-18 03:22:56','2020-12-03 16:17:58',15),(36,2,'Христо Йорданов Христов','hristo.hristov@nikdim.bg','users/default.png',NULL,'nikdim2020',NULL,'{\"locale\":\"bg\"}','2020-11-18 03:22:56','2020-12-03 16:21:12',15),(37,2,'Иван Петров Елховски','ivan.elhovski@nikdim.bg','users/default.png',NULL,'nikdim2020',NULL,'{\"locale\":\"bg\"}','2020-11-18 03:22:56','2020-12-03 16:18:56',7),(38,2,'Светлозар Пенчев Щерев','svetlozar.shterev@nikdim.bg','users/default.png',NULL,'nikdim2020',NULL,'{\"locale\":\"bg\"}','2020-11-18 03:22:56','2020-12-03 16:20:28',7),(39,2,'Илиян Христов Христов','iliyan.hristov@nikdim.bg','users/default.png',NULL,'nikdim2020',NULL,'{\"locale\":\"bg\"}','2020-11-18 03:22:56','2020-12-03 16:19:19',7),(40,2,'Ганка Василева Димитрова','ganka.dimitrova@nikdim.bg','users/default.png',NULL,'nikdim2020',NULL,NULL,'2020-11-18 03:22:56','2020-11-18 03:22:56',13),(41,2,'Руска Колева Коршумова','ruska.korshumova@nikdim.bg','users/default.png',NULL,'nikdim2020',NULL,NULL,'2020-11-18 03:22:56','2020-11-18 03:22:56',13),(42,2,'Самуил Русев Сиврев ','samuil.sivrev@nikdim.bg','users/default.png',NULL,'nikdim2020',NULL,NULL,'2020-11-18 03:22:56','2020-11-18 03:22:56',13),(43,2,'Красимира Петрова Минкова','krasimira.minkova@nikdim.bg','users/default.png',NULL,'nikdim2020',NULL,NULL,'2020-11-18 03:22:56','2020-11-18 03:22:56',1),(44,2,'Стефка Христова Ноева','stefka.noeva@nikdim.bg','users/default.png',NULL,'nikdim2020',NULL,NULL,'2020-11-18 03:22:56','2020-11-18 03:22:56',1),(45,2,'Стоянка Николова Танева','stoyanka.taneva@nikdim.bg','users/default.png',NULL,'nikdim2020',NULL,NULL,'2020-11-18 03:22:56','2020-11-18 03:22:56',1),(46,2,'Мая Димитрова Иванова','maya.ivanova@nikdim.bg','users/default.png',NULL,'nikdim2020',NULL,NULL,'2020-11-18 03:22:56','2020-11-18 03:22:56',1),(47,2,'Теодора Неделчева Седмакова','teodora.sedmakova@nikdim.bg','users/default.png',NULL,'nikdim2020',NULL,NULL,'2020-11-18 03:22:56','2020-11-18 03:22:56',1),(48,2,'Силвия Петрова Колева','silviya.koleva@nikdim.bg','users/default.png',NULL,'nikdim2020',NULL,NULL,'2020-11-18 03:22:56','2020-11-18 03:22:56',1),(49,2,'Десислава Недялкова Шишманова','desislava.shishmanova@nikdim.bg','users/default.png',NULL,'nikdim2020',NULL,NULL,'2020-11-18 03:22:56','2020-11-18 03:22:56',1),(50,2,'Валентина Тошева Иванова ','valentina.ivanova@nikdim.bg','users/default.png',NULL,'nikdim2020',NULL,NULL,'2020-11-18 03:22:56','2020-11-18 03:22:56',1),(51,2,'Иванка Стояновяа Чукурлиева ','ivanka.chukurlieva@nikdim.bg','users/default.png',NULL,'nikdim2020',NULL,NULL,'2020-11-18 03:22:56','2020-11-18 03:22:56',1),(52,2,'Анифе Сюлейман Газеп','anife.gazep@nikdim.bg','users/default.png',NULL,'nikdim2020',NULL,NULL,'2020-11-18 03:22:56','2020-11-18 03:22:56',1),(53,2,'Таня Събинова Маджарова','tanya.madzharova@nikdim.bg','users/default.png',NULL,'nikdim2020',NULL,NULL,'2020-11-18 03:22:56','2020-11-18 03:22:56',1),(54,2,'Теодора Петкова Крондева','teodora.krondeva@nikdim.bg','users/default.png',NULL,'nikdim2020',NULL,NULL,'2020-11-18 03:22:56','2020-11-18 03:22:56',1),(55,2,'Десислава Николаева Чобанова','desislava.chobanova@nikdim.bg','users/default.png',NULL,'nikdim2020',NULL,NULL,'2020-11-18 03:22:56','2020-11-18 03:22:56',1),(56,2,'Живка Иванова Костадинова ','zhivka.kostadinova@nikdim.bg','users/default.png',NULL,'nikdim2020',NULL,NULL,'2020-11-18 03:22:56','2020-11-18 03:22:56',1),(59,2,'Мая Иванова Стаменова-Стоянова','maya.stamenova-stoyanova@nikdim.bg','users/default.png',NULL,'nikdim2020',NULL,NULL,'2020-11-18 03:22:56','2020-11-18 03:22:56',1),(60,2,'Ангел Илиев Иванов','angel.ivanov@nikdim.bg','users/default.png',NULL,'nikdim2020',NULL,NULL,'2020-11-18 03:22:56','2020-11-18 03:22:56',1),(61,2,'Гюлвер Севгинова Топчу','gyulver.topchu@nikdim.bg','users/default.png',NULL,'nikdim2020',NULL,NULL,'2020-11-18 03:22:56','2020-11-18 03:22:56',1),(63,2,'Младен Георгиева Минков','mladen.minkov@nikdim.bg','users/default.png',NULL,'nikdim2020',NULL,'{\"locale\":\"bg\"}','2020-11-18 03:22:56','2020-11-20 08:53:47',6),(64,2,'Илхан Алиев Смаилов','ilhan.smailov@nikdim.bg','users/default.png',NULL,'nikdim2020',NULL,'{\"locale\":\"bg\"}','2020-11-18 03:22:56','2020-11-20 08:53:20',6),(65,2,'Тончо Илиев Загоров','toncho.zagorov@nikdim.bg','users/default.png',NULL,'nikdim2020',NULL,'{\"locale\":\"bg\"}','2020-11-18 03:22:56','2020-12-03 16:21:31',6),(67,2,'Митко Христов Костов','mitko.kostov@nikdim.bg','users/default.png',NULL,'nikdim2020',NULL,'{\"locale\":\"bg\"}','2020-11-18 03:22:56','2020-11-20 08:54:06',6),(68,2,'Валентин Найденов Маринов','valentin.marinov@nikdim.bg','users/default.png',NULL,'nikdim2020',NULL,'{\"locale\":\"bg\"}','2020-11-18 03:22:56','2020-12-03 16:18:25',15),(69,2,'Маргарита Бончева Владова','margarita.vladova@nikdim.bg','users/default.png',NULL,'nikdim2020',NULL,NULL,'2020-11-18 03:22:56','2020-11-18 03:22:56',12),(70,2,'Вълка Кирова Стайкова','valka.staykova@nikdim.bg','users/default.png',NULL,'nikdim2020',NULL,NULL,'2020-11-18 03:22:56','2020-11-18 03:22:56',12),(71,2,'Продан Петров Танев','prodan.tanev@nikdim.bg','users/default.png',NULL,'nikdim2020',NULL,NULL,'2020-11-18 03:22:56','2020-11-18 03:22:56',12),(72,2,'Надежда Иванова Асенова','nadezhda.asenova@nikdim.bg','users/default.png',NULL,'nikdim2020',NULL,NULL,'2020-11-18 03:22:56','2020-11-18 03:22:56',12),(73,2,'Анета Красимирова Моллова','aneta.mollova@nikdim.bg','users/default.png',NULL,'nikdim2020',NULL,NULL,'2020-11-18 03:22:56','2020-11-18 03:22:56',12),(74,2,'Светла Христова Радева','svetla.radeva@nikdim.bg','users/default.png',NULL,'nikdim2020',NULL,NULL,'2020-11-18 03:22:56','2020-11-18 03:22:56',12),(75,2,'Радостин Димитров Димитров','radostin.dimitrov@nikdim.bg','users/default.png',NULL,'nikdim2020',NULL,NULL,'2020-11-18 03:22:56','2020-11-18 03:22:56',12),(76,2,'Атанас Георгиев Гърбев','atanas.garbev@nikdim.bg','users/default.png',NULL,'nikdim2020',NULL,NULL,'2020-11-18 03:22:56','2020-11-18 03:22:56',12),(77,2,'Генка Христова Пантелеева ','genka.panteleeva@nikdim.bg','users/default.png',NULL,'nikdim2020',NULL,NULL,'2020-11-18 03:22:56','2020-11-18 03:22:56',12),(78,2,'Айше Кадриева Казалиева ','ayshe.kazalieva@nikdim.bg','users/default.png',NULL,'nikdim2020',NULL,NULL,'2020-11-18 03:22:56','2020-11-18 03:22:56',12),(79,2,'Тихомира Иванова Стоилова','tihomira.stoilova@nikdim.bg','users/default.png',NULL,'nikdim2020',NULL,NULL,'2020-11-18 03:22:56','2020-11-18 03:22:56',12),(80,2,'Теодора Цанева Костова','teodora.kostova@nikdim.bg','users/default.png',NULL,'nikdim2020',NULL,NULL,'2020-11-18 03:22:56','2020-11-18 03:22:56',12),(82,2,'Деян Владимиров Дончев ','deyan.donchev@nikdim.bg','users/default.png',NULL,'nikdim2020',NULL,NULL,'2020-11-18 03:22:56','2020-11-18 03:22:56',12),(83,2,'Шибил Филипов Арабов','shibil.arabov@nikdim.bg','users/default.png',NULL,'nikdim2020',NULL,NULL,'2020-11-18 03:22:56','2020-11-18 03:22:56',12),(84,2,'Фатме Юсуфова Караилиева','fatme.karailieva@nikdim.bg','users/default.png',NULL,'nikdim2020',NULL,NULL,'2020-11-18 03:22:56','2020-11-18 03:22:56',12),(85,2,'Валери Валентинов Великов','valeri.velikov@nikdim.bg','users/default.png',NULL,'nikdim2020',NULL,NULL,'2020-11-18 03:22:56','2020-11-18 03:22:56',12),(86,2,'Радка Дикова Караилиева','radka.karailieva@nikdim.bg','users/default.png',NULL,'nikdim2020',NULL,NULL,'2020-11-18 03:22:56','2020-11-18 03:22:56',12),(87,2,'Виолета Асенова Аладжова','violeta.aladzhova@nikdim.bg','users/default.png',NULL,'nikdim2020',NULL,NULL,'2020-11-18 03:22:56','2020-11-18 03:22:56',12),(88,2,'Айлин Айдън Али','aylin.ali@nikdim.bg','users/default.png',NULL,'nikdim2020',NULL,NULL,'2020-11-18 03:22:56','2020-11-18 03:22:56',12),(89,2,'Петко Филипов Марков','petko.markov@nikdim.bg','users/default.png',NULL,'nikdim2020',NULL,NULL,'2020-11-18 03:22:56','2020-11-18 03:22:57',12),(90,2,'Росен Георгиев Георгиев','rosen@nikdim.bg','users/default.png',NULL,'$2y$10$Y28rk7Djm.jcEh9.9Q1SbuVZINsDJPpU6RH.KgHt/qwGTd3vgHy6S',NULL,'{\"locale\":\"bg\"}','2020-11-25 14:23:27','2020-11-25 14:23:27',11),(91,2,'Милко Василев Клясов','milko@nikdim.bg','users/default.png',NULL,'$2y$10$KXWeW6xJTuqqnDbF1RHKAuAk03TcinGVnoXV.re37KPx9UtfqDhRS',NULL,'{\"locale\":\"bg\"}','2020-12-03 16:16:07','2020-12-03 16:16:07',7),(92,NULL,'Служебен пропуск 1','slujeben@nikdim.bg','users/default.png',NULL,'$2y$10$5xCbEPLd68NvN8xGniVLteJ4JhgKcApJSLA5uqSnes1gy036okgPq',NULL,'{\"locale\":\"bg\"}','2020-12-03 16:26:19','2020-12-03 16:28:03',NULL),(93,NULL,'Служебен пропуск 2','slujeben2@nikdim.bg','users/default.png',NULL,'$2y$10$KBixw2.znKHwrkYIQ4jGiuy3qryN51/ymBA1xi89HFbvCdMDTKPru',NULL,'{\"locale\":\"bg\"}','2020-12-03 16:26:42','2020-12-03 16:26:42',NULL),(97,NULL,'Служебен пропуск 3','slujeben3@nikdim.bg','users/default.png',NULL,'$2y$10$JO5RXV1NV.DdxfXj5GzNj.aBau2Zl1gFexDfEQotjZu/VAPHNsb8m',NULL,'{\"locale\":\"bg\"}','2020-12-03 16:31:23','2020-12-03 16:31:23',NULL),(98,NULL,'Служебен пропуск 4','slujeben4@nikdim.bg','users/default.png',NULL,'$2y$10$/8ZUcbMfpbfBo.9slWC6T.gsIhBslBbE0fUs9oCtNs4cvYJXi1OT6',NULL,'{\"locale\":\"bg\"}','2020-12-03 16:31:50','2020-12-03 16:31:50',NULL),(99,NULL,'Служебен пропуск 5','slujeben5@nikdim.bg','users/default.png',NULL,'$2y$10$dFZviCKsvkbQC6AUnZEOteGKwGdFjoJ9qvXzr1ze8nfQCT.IHTIe6',NULL,'{\"locale\":\"bg\"}','2020-12-03 16:34:13','2020-12-03 16:34:13',NULL),(100,1,'Охрана','security@nikdim.bg','users/December2020/ZcY3b1SX8RU4aBFMD0BL.png',NULL,'$2y$10$TtXFVe0sU66V0YLE.QiURuvspapNTdInYRIyfrDBOuUaW79olvVlO','3mc7sZkgeX3zRtIxrfiayKBMHtYJoBkkl69RgMaav3TeXI3jyOO265oLRRtg','{\"locale\":\"bg\"}','2020-12-08 22:11:00','2020-12-13 12:02:49',11),(101,2,'Христо Костов Христов','hristo_kostov@nikdim.bg','users/default.png',NULL,'$2y$10$9msiASY9y.iFbLl4b6RXReFjdDMPS4DTOBX7ZmA8Q5HSZUoVw4Tui',NULL,'{\"locale\":\"bg\"}','2020-12-11 16:58:12','2020-12-11 16:58:12',7),(102,1,'Никола Димитров','nikola.dimitrov@nikdim.bg','users/default.png',NULL,'$2y$10$av1.FG5q6YaZqhl7tvQ0g.8A5ikyqxhyqAMA.MzblsoqZcJmiDUAy',NULL,'{\"locale\":\"bg\"}','2020-12-21 12:49:18','2020-12-21 12:49:18',11);
/*!40000 ALTER TABLE `users` ENABLE KEYS */;
UNLOCK TABLES;

--
-- Table structure for table `websockets_statistics_entries`
--

DROP TABLE IF EXISTS `websockets_statistics_entries`;
/*!40101 SET @saved_cs_client     = @@character_set_client */;
/*!40101 SET character_set_client = utf8 */;
CREATE TABLE `websockets_statistics_entries` (
  `id` int(10) unsigned NOT NULL AUTO_INCREMENT,
  `app_id` varchar(255) COLLATE utf8mb4_unicode_ci NOT NULL,
  `peak_connection_count` int(11) NOT NULL,
  `websocket_message_count` int(11) NOT NULL,
  `api_message_count` int(11) NOT NULL,
  `created_at` timestamp NULL DEFAULT NULL,
  `updated_at` timestamp NULL DEFAULT NULL,
  PRIMARY KEY (`id`)
) ENGINE=InnoDB DEFAULT CHARSET=utf8mb4 COLLATE=utf8mb4_unicode_ci;
/*!40101 SET character_set_client = @saved_cs_client */;

--
-- Dumping data for table `websockets_statistics_entries`
--

LOCK TABLES `websockets_statistics_entries` WRITE;
/*!40000 ALTER TABLE `websockets_statistics_entries` DISABLE KEYS */;
/*!40000 ALTER TABLE `websockets_statistics_entries` ENABLE KEYS */;
UNLOCK TABLES;
/*!40103 SET TIME_ZONE=@OLD_TIME_ZONE */;

/*!40101 SET SQL_MODE=@OLD_SQL_MODE */;
/*!40014 SET FOREIGN_KEY_CHECKS=@OLD_FOREIGN_KEY_CHECKS */;
/*!40014 SET UNIQUE_CHECKS=@OLD_UNIQUE_CHECKS */;
/*!40101 SET CHARACTER_SET_CLIENT=@OLD_CHARACTER_SET_CLIENT */;
/*!40101 SET CHARACTER_SET_RESULTS=@OLD_CHARACTER_SET_RESULTS */;
/*!40101 SET COLLATION_CONNECTION=@OLD_COLLATION_CONNECTION */;
/*!40111 SET SQL_NOTES=@OLD_SQL_NOTES */;

-- Dump completed on 2020-12-23 15:23:19
